timestamp,avg_execution_time,throughput,requests,replicas,avg_cpu,avg_mem,cold,idle_on,busy,init_total,init_reserved,nsgd_cost,has_rejection,proxy_requests,proxy_rejections,avg_response_latency_ms,p99_response_latency_ms
1777923680.4793608,4.826,51.02,49,1,0.7379,0.33,18,0,1,5,1,126,False,41,20,6560.21,10334.7
1777923710.5078967,3.846,21.05,19,1,0.0,0.0,19,1,0,4,0,22,False,19,14,8528.09,10521.67
1777923740.5237296,2.763,66.67,3,10,0.4459,0.1672,10,6,4,4,0,36,False,3,1,2799.24,2459.07
1777923770.536087,4.575,70.0,10,2,0.0,0.0,8,0,2,14,4,472,False,15,6,3553.36,8593.98
1777923800.5516582,4.019,75.68,37,22,0.2685,0.2256,2,10,12,0,0,32,False,42,12,4127.02,11652.0
1777923830.5662944,2.693,85.71,14,9,0.625,0.2624,15,4,5,0,0,13,False,31,10,3758.8,10020.51
1777923860.57951,0.0,0.0,3,10,0.9994,0.4152,7,1,9,7,0,46,False,7,7,10397.07,10688.14
1777923890.5977602,2.458,61.9,21,21,0.0,0.0,3,14,7,0,0,35,False,26,11,5229.1,10288.65
1777923920.6099102,1.896,1.72,58,0,0.0,0.0,23,0,0,1,0,5,False,54,49,2344.02,10397.15
1777923950.6230164,4.969,81.25,16,1,0.6894,0.2684,23,0,1,0,0,1,False,15,4,4476.14,9699.95
1777923980.635969,4.795,88.24,17,12,0.0,0.0,17,4,3,0,0,11,False,17,2,5362.6,10104.24
1777924010.6539123,5.742,50.0,2,0,0.0,0.0,19,0,0,5,1,125,False,5,3,8255.69,10187.5
1777924040.6653411,5.298,88.89,18,0,0.0,0.0,23,0,0,1,0,5,False,17,2,4793.22,8028.89
1777924070.6770306,4.636,69.23,26,24,0.65,0.358,0,10,14,0,0,34,False,31,16,5613.29,10258.31
1777924100.6903608,2.694,66.67,18,1,0.9952,0.388,23,1,0,0,0,2,False,29,16,5974.38,10249.75
1777924130.7033217,4.77,33.33,3,1,0.0,0.0,23,0,1,0,0,1,False,3,2,2130.48,1609.66
1777924160.7185597,3.898,5.88,17,1,0.0,0.0,23,1,0,0,0,2,False,17,15,7488.1,12114.62
1777924190.734107,2.203,85.71,7,14,0.3555,0.1672,0,5,9,10,0,69,False,7,1,2017.65,2299.57
1777924220.75054,9.862,14.29,7,0,0.0,0.0,23,0,0,1,0,5,False,11,5,6338.23,10169.75
1777924250.7636118,2.969,78.57,56,4,0.4209,0.1672,9,0,4,11,0,59,False,56,18,2567.46,10260.43
1777924280.7767816,5.057,100.0,7,12,0.0,0.0,12,10,2,0,0,22,False,9,1,4655.44,6299.53
1777924310.7931192,2.487,100.0,15,5,0.4865,0.1676,19,4,1,0,0,9,False,17,1,2625.77,3406.71
1777924340.804954,3.566,87.5,16,0,0.0,0.0,23,0,0,1,0,5,False,15,2,3885.11,6744.36
1777924370.8197348,3.368,66.67,3,1,0.0,0.0,7,0,1,16,16,1681,False,3,1,3681.96,3899.23
1777924400.8431163,5.225,48.0,50,10,0.0,0.0,0,2,8,14,0,82,False,45,22,7615.82,10459.09
1777924430.8582711,4.628,42.86,14,0,0.0,0.0,23,0,0,1,0,5,False,15,7,5165.51,10337.89
1777924460.8696008,4.507,72.73,11,13,0.5366,0.3044,11,10,3,0,0,23,False,14,5,4590.17,10011.05
1777924490.882203,1.764,75.0,4,0,0.0,0.0,18,0,0,6,1,130,False,6,3,5962.84,10215.77
1777924520.89565,4.205,83.33,18,0,0.0,0.0,23,0,0,1,0,5,False,16,3,5589.49,12123.88
1777924550.90793,3.815,35.29,51,3,0.5133,0.1912,17,2,1,4,0,25,False,44,28,7976.35,10611.25
1777924580.9212973,4.21,11.11,18,4,0.0,0.0,20,4,0,0,0,8,False,17,15,2327.91,4586.21
1777924610.9374106,2.183,25.0,4,1,0.0,0.0,9,0,1,14,6,671,False,5,3,2270.82,2945.14
1777924640.9493935,4.785,71.43,21,18,0.0,0.0,6,13,5,0,0,31,False,25,7,5183.13,10276.6
1777924670.9611099,3.069,80.0,5,12,0.0,0.0,8,9,3,4,0,41,False,11,1,3949.78,5580.97
1777924700.9740977,3.402,85.0,40,6,0.0,0.0,13,6,0,5,0,37,False,42,10,3401.22,7171.94
1777924730.9920044,3.118,50.0,18,1,0.0,0.0,23,1,0,0,0,2,False,16,8,4455.42,11241.03
1777924761.004554,3.64,65.0,20,1,0.0,0.0,19,1,0,4,0,22,False,18,7,4608.93,10217.34
1777924791.0185013,1.84,22.22,9,4,0.0,0.0,20,2,2,0,0,6,False,10,8,2068.28,3518.46
1777924821.03065,4.772,85.71,7,0,0.0,0.0,18,0,0,6,1,130,False,8,2,4125.57,4700.52
1777924851.0425754,4.422,42.11,57,15,0.1829,0.118,4,5,10,5,0,45,False,49,28,8388.8,13448.98
1777924881.055907,5.572,33.33,12,0,0.0,0.0,18,0,0,6,1,130,False,13,7,7090.4,10379.07
1777924911.0695348,2.392,33.33,18,5,0.0,0.0,19,5,0,0,0,10,False,17,11,1705.45,3013.25
1777924941.0848558,4.715,57.14,21,5,0.0,0.0,19,4,1,0,0,9,False,18,8,6066.82,10393.08
1777924971.0994012,2.902,87.5,8,17,0.5463,0.1676,0,0,17,7,7,952,True,9,1,2849.94,4453.98
1777925001.116758,4.019,46.15,39,5,0.4909,0.1775,12,0,5,7,3,340,False,44,21,6772.74,10356.37
1777925061.6105995,3.899,30.61,49,24,0.3811,0.1441,0,14,10,0,0,38,False,43,29,4983.49,10940.93
1777925091.6398277,3.485,90.91,11,24,0.1573,0.1668,0,24,0,0,0,48,False,17,1,3607.3,6061.68
1777925121.6562648,2.114,100.0,6,24,0.0481,0.1633,0,21,3,0,0,45,False,9,0,2284.41,3664.68
1777925151.674533,2.855,100.0,10,24,0.0854,0.1639,0,18,6,0,0,42,False,15,0,3094.06,5995.91
1777925181.6934373,3.094,97.14,35,24,0.1242,0.175,0,9,15,0,0,33,False,41,1,3610.99,8692.97
1777925211.707234,3.341,100.0,27,24,0.2135,0.1742,0,24,0,0,0,48,False,31,1,3808.72,9506.12
1777925241.7197886,2.104,100.0,10,24,0.0296,0.1722,0,19,5,0,0,43,False,12,0,2668.42,4365.74
1777925314.1893375,3.94,63.16,19,24,0.0031,0.1832,0,21,3,0,0,45,False,39,18,6677.04,10242.6
1777925344.2179792,2.472,86.36,22,24,0.1894,0.1661,0,24,0,0,0,48,False,20,4,4543.28,10511.38
1777925374.2308152,1.494,100.0,2,24,0.0233,0.1602,0,24,0,0,0,48,False,3,0,1424.15,1415.71
1777925404.244538,3.316,82.35,17,14,0.0773,0.1768,10,14,0,0,0,28,False,16,3,4461.7,10079.84
1777925434.2576623,3.623,100.0,21,13,0.1591,0.2019,11,2,11,0,0,15,False,21,0,3328.7,8366.33
1777925464.270873,3.497,98.04,51,24,0.3331,0.1697,0,20,4,0,0,44,False,48,1,3551.36,8506.01
1777925494.2856977,3.386,100.0,13,24,0.0794,0.1649,0,24,0,0,0,48,False,11,0,3389.65,5196.09
1777925524.2985399,2.209,100.0,20,15,0.1285,0.1778,9,10,5,0,0,25,False,17,0,2213.5,3688.2
1777925554.3110714,3.21,100.0,22,20,0.1946,0.1848,0,0,20,4,4,640,True,28,0,3049.08,7447.57
1777925584.3238995,4.845,93.48,46,24,0.2105,0.1589,0,22,2,0,0,46,False,49,3,4940.42,10190.5
1777925614.3364131,5.9,100.0,4,22,0.0252,0.1673,2,17,5,0,0,39,False,13,1,3607.73,7929.65
1777925644.3505046,3.232,100.0,12,11,0.1408,0.178,13,11,0,0,0,22,False,10,0,3236.17,6627.61
1777925674.364109,2.685,100.0,10,10,0.1085,0.1786,14,8,2,0,0,18,False,15,1,4371.14,8369.98
1777925704.3780978,2.683,85.71,7,13,0.0721,0.1848,0,0,13,11,11,1368,True,16,1,3055.64,5573.68
1777925734.3920848,4.783,78.26,46,24,0.232,0.1599,0,21,3,0,0,45,False,43,9,5531.75,10734.33
1777925764.4066267,4.065,75.0,4,24,0.0521,0.1568,0,24,0,0,0,48,False,5,1,4788.98,5834.36
1777925794.4224472,2.086,100.0,9,15,0.0267,0.1798,9,12,3,0,0,27,False,14,0,3351.51,5682.73
1777925824.4351983,4.844,100.0,4,15,0.0942,0.1638,9,15,0,0,0,30,False,7,0,4395.17,8327.14
1777925854.4484735,2.904,62.5,16,15,0.1271,0.1939,9,14,1,0,0,29,False,14,5,5476.94,10121.18
1777925884.4606874,3.31,100.0,45,15,0.134,0.2041,9,11,4,0,0,26,False,49,2,3722.11,10008.52
1777925914.474063,1.984,75.0,16,15,0.2898,0.1922,9,13,2,0,0,28,False,14,4,4354.7,10371.04
1777925944.4875257,2.341,100.0,20,15,0.0865,0.1914,9,14,1,0,0,29,False,18,0,2317.09,3403.33
1777925974.5005867,2.518,100.0,16,15,0.0744,0.181,9,14,1,0,0,29,False,16,0,2587.03,3999.99
1777926004.5131724,3.199,100.0,2,15,0.0459,0.1845,9,15,0,0,0,30,False,3,0,3501.75,4099.41
1777926034.5265136,4.186,88.46,52,24,0.2184,0.2009,0,24,0,0,0,48,False,44,5,4416.48,10136.72
1777926064.5388708,2.35,100.0,18,24,0.0906,0.1708,0,24,0,0,0,48,False,17,0,2549.82,4861.89
1777926094.5518935,4.739,100.0,1,15,0.0113,0.179,9,12,3,0,0,27,False,8,1,2910.77,4611.68
1777926124.565419,2.887,100.0,12,11,0.0802,0.18,13,11,0,0,0,22,False,11,0,2836.94,4739.6
1777926154.5776584,3.45,100.0,18,11,0.1638,0.1959,13,11,0,0,0,22,False,16,0,3358.24,6682.19
1777926184.5895715,4.476,96.77,31,24,0.1114,0.2134,0,20,4,0,0,44,False,41,6,5579.71,10211.1
1777926214.6035023,4.252,90.91,22,24,0.0775,0.1695,0,24,0,0,0,48,False,20,2,5148.32,10212.06
1777926244.6170444,1.692,100.0,2,12,0.02,0.1796,12,10,2,0,0,22,False,2,0,1695.84,1392.04
1777926274.6315796,3.018,100.0,19,12,0.1866,0.1994,12,8,4,0,0,20,False,18,0,3049.91,5870.85
1777926304.646418,4.161,46.15,13,12,0.1535,0.2032,12,12,0,0,0,24,False,18,6,5422.04,10372.71
1777926334.6580355,3.978,88.0,50,20,0.2631,0.1985,4,20,0,0,0,40,False,44,5,4114.43,10299.78
1777926364.6708167,2.545,100.0,16,20,0.0412,0.1683,4,17,3,0,0,37,False,15,0,2465.15,3501.62
1777926394.6849597,3.828,94.74,19,20,0.0532,0.187,4,20,0,0,0,40,False,20,1,4094.25,8493.6
1777926424.699306,2.364,100.0,3,18,0.0092,0.1746,6,13,5,0,0,31,False,3,0,2368.78,1895.42
1777926454.7119284,3.199,100.0,12,17,0.0737,0.1923,7,16,1,0,0,33,False,15,0,3231.69,6145.78
1777926484.7246096,3.752,88.46,52,24,0.2156,0.2255,0,22,2,0,0,46,False,45,5,4464.97,10680.2
1777926514.736935,3.39,92.86,14,24,0.1837,0.1836,0,23,1,0,0,47,False,17,1,3944.63,8868.7
1777926544.7515042,3.183,88.89,9,14,0.0193,0.1851,10,11,3,0,0,25,False,10,1,2770.28,4289.29
1777926574.7637,3.568,100.0,21,11,0.1389,0.1813,10,7,4,3,0,33,False,22,0,3666.05,8523.89
1777926604.7767048,2.137,100.0,6,14,0.1203,0.1711,10,8,6,0,0,22,False,9,0,2923.6,4501.12
1777926634.7891116,4.05,95.45,44,24,0.3343,0.179,0,23,1,0,0,47,False,46,2,3917.57,8588.74
1777926664.8016872,2.399,90.91,11,24,0.0669,0.1704,0,23,1,0,0,47,False,12,1,3034.85,6012.81
1777926694.815764,2.404,100.0,14,17,0.0456,0.1831,7,15,2,0,0,32,False,14,0,2310.38,4371.29
1777926724.8289492,2.43,100.0,14,15,0.0212,0.1782,9,11,4,0,0,26,False,15,0,2658.8,3726.68
1777926754.8409526,1.642,50.0,4,15,0.1638,0.1876,9,13,2,0,0,28,False,7,2,4309.33,10182.58
1777926784.8525496,3.192,95.83,48,24,0.3095,0.1902,0,24,0,0,0,48,False,45,2,3195.59,7821.7
1777926814.8653564,3.159,93.75,16,24,0.069,0.1723,0,24,0,0,0,48,False,15,1,3538.95,8275.13
1777926844.8777285,2.448,100.0,3,12,0.0043,0.1806,12,12,0,0,0,24,False,3,0,2452.28,1573.96
1777926874.8930936,2.61,100.0,20,11,0.1535,0.1954,13,11,0,0,0,22,False,17,0,2614.6,3974.3
1777926904.9087327,3.059,100.0,24,11,0.2279,0.2007,0,0,11,13,3,376,False,21,0,3036.36,6300.95
1777926934.925166,4.892,84.0,50,24,0.3214,0.1753,0,24,0,0,0,48,False,57,7,5378.1,10351.24
1777926964.9387865,3.57,100.0,21,24,0.0376,0.1655,0,24,0,0,0,48,False,19,0,3515.24,6259.19
1777926994.953734,2.998,100.0,21,24,0.0702,0.1762,0,24,0,0,0,48,False,19,0,2958.38,4689.96
1777927024.9661105,3.376,100.0,34,24,0.0279,0.1757,0,18,6,0,0,42,False,29,0,3381.55,6518.49
1777927054.9836292,2.945,100.0,22,24,0.174,0.1854,0,24,0,0,0,48,False,31,0,2968.47,5760.54
1777927084.9963655,2.874,100.0,4,24,0.0129,0.1764,0,24,0,0,0,48,False,4,0,2877.42,2980.39
1777927115.0098016,3.768,100.0,14,14,0.1227,0.18,10,9,5,0,0,23,False,18,0,3233.22,5767.61
1777927145.0239894,3.527,100.0,13,14,0.1572,0.1868,10,14,0,0,0,28,False,17,0,3510.12,8104.7
1777927175.0358305,4.865,87.69,65,24,0.3309,0.2149,0,22,2,0,0,46,False,58,7,5350.98,10123.06
1777927205.0489001,3.242,100.0,4,24,0.0548,0.1693,0,24,0,0,0,48,False,6,2,5524.3,10032.29
1777927235.0632248,3.051,100.0,18,15,0.0583,0.1891,9,15,0,0,0,30,False,15,0,3055.1,6079.43
1777927265.0756829,2.2,100.0,18,13,0.0534,0.1814,11,12,1,0,0,25,False,16,0,2238.1,3325.91
1777927295.0883124,2.754,92.86,28,19,0.0172,0.1879,0,5,16,3,0,41,False,27,2,2778.82,5770.98
1777927325.1083837,4.535,100.0,19,24,0.1558,0.1545,0,22,2,0,0,46,False,32,1,4655.8,9936.01
1777927355.1212075,1.568,100.0,2,18,0.0496,0.1752,6,18,0,0,0,36,False,5,0,1687.71,1882.22
1777927385.1332805,3.572,100.0,20,13,0.1503,0.1939,11,8,5,0,0,21,False,21,0,3366.06,4833.89
1777927415.145656,2.448,100.0,9,13,0.156,0.1865,11,12,1,0,0,25,False,14,0,3046.81,5743.68
1777927445.1595063,2.773,100.0,30,13,0.0281,0.1932,0,0,13,11,6,668,False,26,0,2781.81,5010.16
1777927475.176772,1.859,83.33,18,24,0.1964,0.1664,0,21,3,0,0,45,False,32,3,4103.08,10453.9
1777927505.18964,2.097,100.0,4,24,0.0292,0.1634,0,22,2,0,0,46,False,7,0,2328.3,2392.44
1777927535.2054486,3.361,93.75,16,13,0.0705,0.2091,11,13,0,0,0,26,False,16,1,3691.02,9804.74
1777927565.2179387,2.619,100.0,8,13,0.0311,0.193,11,10,3,0,0,23,False,8,0,2570.11,3054.04
1777927595.230493,2.832,75.0,8,13,0.1242,0.1919,11,13,0,0,0,26,False,11,2,3840.63,10005.92
1777927625.2448416,4.144,92.0,50,24,0.2039,0.1916,0,24,0,0,0,48,False,43,4,4489.74,10297.39
1777927655.2592168,3.22,100.0,20,24,0.0868,0.1945,0,23,1,0,0,47,False,17,0,3225.25,6110.21
1777927685.2723584,2.718,100.0,19,22,0.0415,0.1759,2,21,1,0,0,43,False,17,0,2764.38,4259.55
1777927715.2844076,2.514,100.0,9,12,0.0364,0.1825,12,11,1,0,0,23,False,10,0,2531.83,2596.87
1777927745.2989821,2.182,100.0,12,12,0.1224,0.1826,12,5,7,0,0,17,False,14,0,2330.63,3525.12
1777927775.3157299,4.748,94.87,39,21,0.3619,0.1685,3,17,4,0,0,38,False,44,2,4633.03,10271.5
1777927805.32966,3.485,90.0,10,21,0.136,0.169,3,21,0,0,0,42,False,14,1,3775.32,7571.35
1777927835.3415744,1.967,86.67,15,18,0.049,0.1723,6,15,3,0,0,33,False,14,2,3135.87,10006.09
1777927865.356715,3.037,85.71,21,16,0.1421,0.1969,8,15,1,0,0,31,False,21,6,5113.92,10236.42
1777927895.3689926,3.093,96.43,28,24,0.0594,0.1802,0,11,13,0,0,35,False,26,1,3479.61,8007.31
1777927925.3831651,4.71,78.57,28,24,0.2904,0.1782,0,23,1,0,0,47,False,35,7,6196.21,10320.43
1777927955.395533,3.857,100.0,2,24,0.02,0.1726,0,23,1,0,0,47,False,3,0,3708.34,3404.04
1777927985.408004,2.618,81.25,16,15,0.061,0.1992,9,15,0,0,0,30,False,17,3,3536.91,10102.58
1777928015.4242954,3.094,100.0,20,15,0.1628,0.1939,9,15,0,0,0,30,False,18,0,3019.51,6969.31
1777928045.4372406,3.516,72.55,51,24,0.151,0.2089,0,22,2,0,0,46,False,44,12,5296.28,10407.36
1777928075.4526415,3.194,100.0,15,24,0.1282,0.171,0,23,1,0,0,47,False,15,1,4201.04,9808.56
1777928105.465237,3.079,100.0,3,14,0.0484,0.1863,10,13,1,0,0,27,False,5,0,3867.62,5153.22
1777928135.4777544,2.96,100.0,16,11,0.1366,0.1935,13,11,0,0,0,22,False,16,0,3222.29,5376.49
1777928165.4938633,2.654,100.0,16,11,0.102,0.1899,13,9,2,0,0,20,False,16,0,2560.28,5970.03
1777928195.5068216,2.425,100.0,12,11,0.0626,0.1898,13,7,4,0,0,18,False,13,0,2447.72,4390.63
1777928225.5204034,4.783,93.1,29,24,0.329,0.1625,0,24,0,0,0,48,False,34,2,4551.31,10103.18
1777928255.5328302,3.495,100.0,18,24,0.0846,0.1703,0,24,0,0,0,48,False,16,0,3361.05,6215.79
1777928285.5471106,2.96,100.0,13,11,0.0165,0.195,13,7,4,0,0,18,False,12,0,3066.73,4186.27
1777928315.559658,3.572,100.0,3,11,0.1317,0.1831,13,11,0,0,0,22,False,8,0,3143.06,6443.96
1777928345.5739067,2.472,84.21,19,11,0.1234,0.197,13,11,0,0,0,22,False,17,3,3902.12,10710.38
1777928375.5887294,3.946,98.0,50,24,0.0602,0.201,0,23,1,0,0,47,False,43,1,4071.19,7200.85
1777928405.6013157,3.069,100.0,19,24,0.0245,0.1632,0,24,0,0,0,48,False,17,0,3240.22,5896.7
1777928435.6142175,1.994,100.0,15,17,0.0322,0.1721,7,16,1,0,0,33,False,13,0,1997.39,2937.52
1777928465.6262846,3.796,100.0,6,12,0.0879,0.1816,12,10,2,0,0,22,False,8,0,3113.34,4631.16
1777928495.638727,4.261,92.86,14,12,0.1307,0.2028,12,12,0,0,0,24,False,17,1,3960.31,10131.7
1777928525.6522794,4.087,95.56,45,24,0.0529,0.2163,0,20,4,0,0,44,False,40,2,4595.73,10150.18
1777928555.6660345,3.11,100.0,19,24,0.1529,0.1777,0,24,0,0,0,48,False,20,3,4423.39,10051.87
1777928585.6798134,2.165,100.0,3,14,0.0371,0.18,10,12,2,0,0,26,False,5,0,2336.1,3554.21
1777928615.692623,2.547,100.0,14,9,0.1792,0.19,15,9,0,0,0,18,False,15,0,2541.24,3578.06
1777928645.7101943,3.351,100.0,20,9,0.1676,0.2025,15,8,1,0,0,17,False,17,0,3355.38,7959.62
1777928675.7230184,2.869,85.71,28,24,0.0223,0.1832,0,21,3,0,0,45,False,27,4,2568.39,4675.03
1777928705.7346544,2.785,100.0,13,24,0.2158,0.1588,0,21,3,0,0,45,False,23,0,2944.17,7690.68
1777928735.7468486,2.889,100.0,10,15,0.0677,0.174,9,15,0,0,0,30,False,13,0,2688.84,4672.34
1777928765.7596645,2.464,90.48,21,10,0.1979,0.2108,14,9,1,0,0,19,False,19,2,3224.83,10005.04
1777928795.7727141,2.894,100.0,14,10,0.2378,0.1896,4,0,10,10,5,560,False,23,0,2600.04,4606.67
1777928825.7926261,3.824,80.85,47,24,0.3092,0.1616,0,24,0,0,0,48,False,52,8,4596.26,10138.72
1777928855.805192,3.295,100.0,2,24,0.0124,0.1636,0,24,0,0,0,48,False,2,0,3299.47,1659.82
1777928885.8176277,2.65,100.0,15,14,0.0806,0.1783,10,12,2,0,0,26,False,15,0,2747.64,4637.31
1777928915.8295598,2.445,100.0,9,13,0.057,0.1793,11,9,4,0,0,22,False,14,0,2707.99,4428.45
1777928945.8448038,3.034,100.0,9,13,0.1239,0.1932,7,0,13,4,4,433,False,13,0,4009.79,7877.98
1777928975.862367,3.914,84.21,38,24,0.3008,0.1747,0,23,1,0,0,47,False,48,5,4569.2,10209.63
1777929005.875939,2.879,100.0,8,24,0.0682,0.174,0,23,1,0,0,47,False,8,0,2730.69,3970.25
1777929035.8894596,2.681,100.0,18,15,0.0741,0.1838,9,15,0,0,0,30,False,18,0,2497.29,4508.61
1777929065.9016144,3.291,100.0,20,14,0.2016,0.1907,10,14,0,0,0,28,False,18,0,3221.48,5796.4
1777929095.9134629,3.905,92.0,50,24,0.0992,0.2155,0,24,0,0,0,48,False,44,4,4613.27,10080.4
1777929125.9257321,2.947,100.0,14,24,0.0929,0.16,0,22,2,0,0,46,False,14,0,2790.94,4523.34
1777929155.9377177,2.238,100.0,4,13,0.0583,0.1881,11,7,6,0,0,20,False,8,0,2928.57,4111.8
1777929185.9499843,2.453,100.0,7,13,0.1365,0.1859,11,13,0,0,0,26,False,15,0,2745.71,4507.1
1777929215.9620984,2.707,100.0,20,12,0.1396,0.1817,12,12,0,0,0,24,False,17,0,2710.28,4506.56
1777929245.9753857,2.924,96.3,27,21,0.0196,0.1887,3,7,14,0,0,28,False,26,2,2956.58,6864.05
1777929275.9883058,3.988,75.0,12,21,0.1707,0.1786,3,18,3,0,0,39,False,24,3,4489.56,10303.84
1777929306.0018544,3.609,100.0,8,21,0.0616,0.1725,3,21,0,0,0,42,False,11,0,3269.87,5525.99
1777929336.0148327,1.86,100.0,2,10,0.0025,0.1832,14,5,5,0,0,15,False,6,0,2338.61,3732.94
1777929366.0295405,3.219,100.0,8,10,0.1724,0.1833,14,9,1,0,0,19,False,12,0,3127.88,6747.45
1777929396.0411878,2.101,100.0,6,10,0.0309,0.1858,14,3,7,0,0,13,False,6,0,2485.65,2741.9
1777929426.0549889,3.043,100.0,14,10,0.1404,0.1827,10,0,10,4,4,430,False,20,0,2937.91,4591.47
1777929456.0672748,4.357,91.89,37,24,0.3039,0.1573,0,19,5,0,0,43,False,45,3,4527.75,10376.5
1777929486.0812235,2.657,100.0,9,24,0.061,0.1615,0,16,8,0,0,40,False,14,0,2626.41,4433.02
1777929516.0939922,3.431,100.0,9,20,0.0925,0.1813,4,20,0,0,0,40,False,14,0,3274.4,5304.94
1777929546.1060748,1.91,100.0,18,15,0.0337,0.18,9,15,0,0,0,30,False,16,0,1919.91,3502.09
1777929576.1175296,1.945,100.0,2,14,0.0285,0.1789,10,13,1,0,0,27,False,2,0,1948.88,1189.39
1777929606.1321683,3.786,76.47,51,24,0.1477,0.22,0,23,1,0,0,47,False,44,10,5235.46,10406.46
1777929636.1445694,3.799,100.0,21,24,0.1914,0.173,0,24,0,0,0,48,False,18,0,3802.73,8070.92
1777929666.1578789,1.532,100.0,8,14,0.0208,0.1877,10,9,5,0,0,23,False,9,0,1718.68,2632.15
1777929696.1716092,3.912,80.0,5,11,0.0911,0.1819,13,10,1,0,0,21,False,10,1,3752.82,9189.31
1777929726.1839948,5.053,82.35,17,11,0.1447,0.2099,13,11,0,0,0,22,False,17,3,5603.16,10224.4
1777929756.1963148,4.029,97.96,49,24,0.1936,0.2083,0,21,3,0,0,45,False,42,1,4218.91,9811.09
1777929786.212969,3.005,100.0,19,24,0.1554,0.1796,0,24,0,0,0,48,False,19,2,3786.05,10040.68
1777929816.2248626,1.766,100.0,8,14,0.0111,0.1791,10,14,0,0,0,28,False,7,0,1769.24,1873.96
1777929846.2373202,2.068,100.0,12,13,0.1285,0.18,11,13,0,0,0,26,False,12,0,1936.73,2510.67
1777929876.2502005,3.274,100.0,20,12,0.0952,0.2054,12,12,0,0,0,24,False,18,0,3277.88,5148.1
1777929906.2622886,3.901,100.0,39,24,0.0391,0.1872,0,18,6,0,0,42,False,38,0,4317.57,8476.82
1777929936.2750347,2.034,100.0,20,24,0.1777,0.1569,0,23,1,0,0,47,False,23,4,4052.56,10269.57
1777929966.2928424,2.85,100.0,20,24,0.0416,0.1699,0,24,0,0,0,48,False,18,0,2814.03,6088.14
1777929996.306078,2.706,100.0,6,15,0.0166,0.179,9,11,4,0,0,26,False,7,0,2426.32,3490.42
1777930026.3198278,2.179,100.0,7,12,0.164,0.1815,12,12,0,0,0,24,False,12,0,2245.38,3671.23
1777930056.3315544,4.46,80.77,52,24,0.1588,0.2118,0,24,0,0,0,48,False,45,9,5333.75,10356.66
1777930086.345646,3.189,88.89,18,24,0.1877,0.1637,0,24,0,0,0,48,False,16,2,4044.14,10006.05
1777930116.3579726,2.092,100.0,9,14,0.0061,0.1767,10,13,1,0,0,27,False,9,0,2325.06,4145.42
1777930146.3708148,2.12,100.0,8,10,0.1234,0.183,14,8,2,0,0,18,False,10,0,2025.93,2493.61
1777930176.3843105,3.171,95.45,22,14,0.2593,0.174,10,13,1,0,0,27,False,20,1,3536.44,8345.39
1777930206.3983653,4.163,96.3,54,24,0.2164,0.2025,0,21,3,0,0,45,False,51,2,3807.19,8289.37
1777930236.4107814,2.499,80.0,10,24,0.1038,0.1757,0,20,4,0,0,44,False,13,2,3633.06,10084.68
1777930266.4233844,2.834,100.0,19,18,0.089,0.1815,6,12,6,0,0,30,False,23,0,2576.67,4414.85
1777930296.436074,2.702,100.0,3,15,0.0909,0.1846,9,15,0,0,0,30,False,9,0,2575.57,3802.46
1777930326.448683,2.496,100.0,12,12,0.0398,0.1875,12,4,8,0,0,16,False,14,0,2474.41,4108.2
1777930356.4688797,4.154,86.05,43,24,0.3027,0.1647,0,22,2,0,0,46,False,44,5,4704.35,10379.27
1777930386.4838443,2.751,100.0,3,24,0.0447,0.1644,0,24,0,0,0,48,False,5,0,3400.39,3978.92
1777930416.496719,3.829,100.0,19,14,0.0773,0.1861,10,14,0,0,0,28,False,16,0,3833.03,6378.1
1777930446.5101116,2.507,100.0,12,11,0.0095,0.182,13,7,4,0,0,18,False,14,0,2448.21,3480.67
1777930476.523377,3.851,74.51,51,24,0.1979,0.2113,0,23,1,0,0,47,False,48,11,5484.75,10263.2
1777930506.537652,2.623,90.0,20,24,0.1906,0.1763,0,23,1,0,0,47,False,19,2,3383.76,10006.83
1777930536.5507095,3.734,100.0,20,22,0.1238,0.1823,2,22,0,0,0,44,False,18,0,3613.18,7783.65
1777930566.56457,2.728,100.0,20,15,0.0924,0.1841,9,15,0,0,0,30,False,18,0,2651.13,5003.91
1777930596.5769088,3.779,98.08,52,24,0.0537,0.2143,0,24,0,0,0,48,False,44,1,3935.01,9663.05
1777930626.5904953,2.81,100.0,19,24,0.113,0.1673,0,23,1,0,0,47,False,16,0,2813.73,5087.39
1777930656.6032104,1.966,100.0,7,14,0.0085,0.1803,10,6,8,0,0,20,False,11,0,2557.45,5270.06
1777930686.618203,3.452,100.0,13,14,0.1449,0.1805,10,12,2,0,0,26,False,20,0,3263.56,5916.85
1777930716.6302202,3.986,100.0,8,11,0.1453,0.1896,13,11,0,0,0,22,False,8,0,3823.79,6962.01
1777930746.6422498,4.033,100.0,51,24,0.3257,0.2245,0,18,6,0,0,42,False,44,0,4013.18,9103.15
1777930776.6591544,3.23,100.0,14,24,0.0788,0.1707,0,24,0,0,0,48,False,19,0,2998.42,5610.19
1777930806.6722343,3.13,100.0,18,16,0.0424,0.179,8,16,0,0,0,32,False,15,0,3134.27,6892.64
1777930836.6845338,2.871,100.0,15,12,0.057,0.1933,12,11,1,0,0,23,False,14,0,2784.24,7389.52
1777930866.699229,2.653,100.0,3,12,0.1071,0.1821,12,12,0,0,0,24,False,6,0,2592.27,3386.51
1777930896.7142506,3.638,84.31,51,21,0.2033,0.2272,3,21,0,0,0,42,False,44,7,3792.01,10113.75
1777930926.7308624,2.35,100.0,18,21,0.0719,0.182,3,20,1,0,0,41,False,16,0,2293.23,3372.0
1777930956.744296,2.803,100.0,20,19,0.0252,0.176,5,18,1,0,0,37,False,18,0,2978.59,5897.29
1777930986.7574816,2.485,100.0,21,17,0.0571,0.1783,7,17,0,0,0,34,False,18,0,2490.21,5496.5
1777931016.7702143,2.325,100.0,20,16,0.0243,0.1791,3,0,16,5,5,541,False,23,0,2748.17,5667.68
1777931046.785019,3.79,100.0,27,21,0.2682,0.1723,3,21,0,0,0,42,False,38,0,3647.7,7653.06
1777931076.7983866,2.964,100.0,4,21,0.0544,0.1749,3,20,1,0,0,41,False,6,0,2455.91,2838.04
1777931106.8109415,2.255,100.0,15,14,0.0766,0.1973,10,13,1,0,0,27,False,14,0,2187.95,3808.89
1777931136.8235402,2.382,100.0,18,14,0.0997,0.2007,10,13,1,0,0,27,False,17,0,2303.64,4126.72
1777931166.8365765,3.263,100.0,45,13,0.1486,0.2175,11,11,2,0,0,24,False,43,0,3323.08,6237.97
1777931196.8496435,3.313,100.0,20,13,0.2672,0.1971,11,13,0,0,0,26,False,19,1,3569.74,9898.3
1777931226.8624842,2.082,100.0,8,13,0.006,0.182,11,13,0,0,0,26,False,8,0,2250.08,3394.9
1777931256.874489,2.039,100.0,15,13,0.1151,0.1865,11,10,3,0,0,23,False,17,0,2316.49,4494.66
1777931286.888543,2.617,100.0,10,13,0.1446,0.1821,11,13,0,0,0,26,False,12,0,2488.0,3222.94
1777931316.9006445,5.145,81.48,54,24,0.2537,0.1906,0,23,1,0,0,47,False,49,9,5931.66,10352.19
1777931346.914916,2.598,100.0,14,24,0.0802,0.1669,0,24,0,0,0,48,False,13,0,2643.72,4118.74
1777931376.9266906,2.488,100.0,19,22,0.0664,0.1708,2,22,0,0,0,44,False,17,0,2453.98,4371.28
1777931406.940033,2.707,84.21,19,14,0.0104,0.1901,10,13,1,0,0,27,False,17,3,4045.61,10152.11
1777931436.952157,3.052,97.67,43,24,0.0944,0.1976,0,21,3,0,0,45,False,43,1,2951.82,6152.69
1777931466.9644396,2.747,100.0,18,24,0.1738,0.1616,0,23,1,0,0,47,False,19,3,4291.33,10135.98
1777931496.9775677,1.591,100.0,6,17,0.0148,0.174,7,14,3,0,0,31,False,9,1,1778.02,2088.62
1777931526.9901874,1.846,100.0,8,9,0.1011,0.1836,15,5,4,0,0,14,False,13,1,1815.79,2576.61
1777931557.0031414,3.422,100.0,15,9,0.2159,0.2078,15,9,0,0,0,18,False,16,0,3173.61,5386.26
1777931587.0155609,3.955,95.56,45,24,0.027,0.1838,0,19,5,0,0,43,False,39,2,3824.47,8607.29
1777931617.0285614,3.681,90.91,22,24,0.1763,0.1613,0,23,1,0,0,47,False,21,3,4800.38,10116.83
1777931647.0415652,3.072,100.0,4,18,0.0281,0.1762,6,11,7,0,0,29,False,5,0,3119.19,3611.84
1777931677.0540879,3.713,87.5,16,14,0.1837,0.1786,10,14,0,0,0,28,False,19,2,4079.06,9842.82
1777931707.0668814,2.389,85.71,14,14,0.1198,0.201,10,13,1,0,0,27,False,12,2,3727.94,10103.34
1777931737.0792913,2.864,100.0,13,21,0.0345,0.1822,0,0,21,3,3,536,True,20,0,3497.19,5234.0
1777931767.092126,5.34,38.46,26,24,0.3168,0.1589,0,15,9,0,0,39,False,32,14,7561.48,10489.19
1777931797.1058755,4.639,100.0,8,24,0.12,0.1641,0,23,1,0,0,47,False,13,0,3751.73,6657.24
1777931827.1185284,2.376,100.0,18,17,0.053,0.1848,7,16,1,0,0,33,False,16,0,2409.95,4307.38
1777931857.1320815,3.029,100.0,20,14,0.035,0.1837,10,14,0,0,0,28,False,19,0,2965.52,4777.65
1777931887.145277,3.308,92.68,41,19,0.1582,0.2166,5,17,2,0,0,36,False,39,4,4150.6,10301.18
1777931917.15792,2.953,100.0,18,19,0.151,0.1743,5,19,0,0,0,38,False,21,0,2997.29,4557.71
1777931947.1699007,3.028,100.0,24,19,0.0703,0.1742,5,19,0,0,0,38,False,20,0,3031.96,6098.32
1777931977.1830108,3.173,100.0,19,19,0.0587,0.1956,5,19,0,0,0,38,False,16,0,3177.51,4966.86
1777932007.1961567,1.892,100.0,3,13,0.0047,0.1874,11,13,0,0,0,26,False,3,0,1896.08,1495.36
1777932037.2087379,4.219,88.46,52,24,0.323,0.2177,0,23,1,0,0,47,False,44,5,4675.97,10180.23
1777932067.2228165,2.932,100.0,18,24,0.1062,0.1761,0,23,1,0,0,47,False,16,0,2856.83,5318.98
1777932097.2349434,2.832,95.0,20,20,0.0612,0.1852,4,19,1,0,0,39,False,18,1,2968.37,4813.76
1777932127.2515306,2.303,100.0,12,13,0.0287,0.1818,11,10,3,0,0,23,False,14,0,2505.78,3797.57
1777932157.263942,3.354,100.0,4,13,0.1068,0.1851,11,13,0,0,0,26,False,6,0,3728.53,4984.69
1777932187.2761416,4.534,82.69,52,24,0.2001,0.2354,0,23,1,0,0,47,False,44,8,4645.84,10086.66
1777932217.28808,3.157,100.0,19,24,0.1115,0.1684,0,24,0,0,0,48,False,17,0,3205.22,6713.08
1777932247.3008604,2.517,100.0,19,21,0.0085,0.1727,3,21,0,0,0,42,False,17,0,2807.11,7265.57
1777932277.3127482,2.304,100.0,16,14,0.0469,0.1833,10,12,2,0,0,26,False,16,0,2565.43,4028.75
1777932307.3249583,3.538,97.83,46,17,0.1473,0.2073,7,15,2,0,0,32,False,43,1,3727.2,9158.78
1777932337.3373663,2.949,100.0,20,17,0.1849,0.1813,7,17,0,0,0,34,False,20,1,3568.3,9447.17
1777932367.3500996,3.712,100.0,20,17,0.0279,0.1935,7,16,1,0,0,33,False,17,0,3719.94,5185.2
1777932397.3623197,2.908,100.0,20,17,0.0951,0.2006,7,17,0,0,0,34,False,18,0,2930.13,5879.64
1777932427.3738906,3.204,96.15,26,24,0.0025,0.1835,0,11,13,0,0,35,False,30,1,3471.74,7504.91
1777932457.387426,3.467,68.42,19,24,0.1611,0.1675,0,20,4,0,0,44,False,27,5,5107.47,10174.46
1777932487.399952,1.958,50.0,4,22,0.0761,0.1668,2,19,3,0,0,41,False,7,2,5158.3,10157.41
1777932517.4151433,3.116,100.0,16,13,0.0804,0.1765,11,13,0,0,0,26,False,17,1,2877.79,5648.97
1777932547.4273124,2.552,100.0,21,13,0.08,0.1855,11,13,0,0,0,26,False,18,0,2557.27,4505.29
1777932577.4405427,3.411,100.0,54,21,0.2686,0.2306,3,20,1,0,0,41,False,48,0,3301.34,7994.84
1777932607.4535472,3.517,100.0,14,21,0.1246,0.1695,3,21,0,0,0,42,False,14,0,3272.22,5489.79
1777932637.4658084,2.662,95.24,21,20,0.0919,0.1774,4,20,0,0,0,40,False,19,2,3005.36,4931.7
1777932667.479798,3.439,100.0,20,16,0.0528,0.2005,8,16,0,0,0,32,False,17,0,3447.68,7620.86
1777932697.4944942,3.801,97.73,44,24,0.027,0.1957,0,19,5,0,0,43,False,40,2,4345.89,10005.15
1777932727.5090961,2.483,88.24,17,24,0.1544,0.1684,0,24,0,0,0,48,False,20,3,3916.95,10139.94
1777932757.5212188,2.421,100.0,2,14,0.0358,0.1819,10,13,1,0,0,27,False,2,0,2424.53,1359.04
1777932787.533884,2.882,100.0,16,16,0.0514,0.191,8,15,1,0,0,31,False,17,3,4174.38,10145.84
1777932817.5458593,2.777,100.0,18,16,0.0884,0.1537,8,16,0,0,0,32,False,17,0,3097.49,4544.16
1777932847.558446,2.456,100.0,12,21,0.0348,0.1728,0,2,19,3,0,38,False,24,3,2881.5,5935.32
1777932877.573673,4.025,88.57,35,24,0.2953,0.1669,0,24,0,0,0,48,False,38,4,4511.32,10200.03
1777932907.5871987,1.916,100.0,6,24,0.0232,0.1657,0,24,0,0,0,48,False,6,0,1833.62,2013.79
1777932937.600728,3.406,93.75,16,17,0.0844,0.1886,7,17,0,0,0,34,False,14,1,3881.59,9850.59
1777932967.6163163,2.664,100.0,18,15,0.0344,0.1781,9,15,0,0,0,30,False,16,0,2867.46,5662.64
1777932997.631735,2.33,100.0,2,11,0.033,0.1803,13,11,0,0,0,22,False,4,0,2709.25,3264.0
1777933027.6435595,4.29,93.88,49,24,0.3602,0.1827,0,23,1,0,0,47,False,43,3,4642.39,10130.75
1777933057.6587367,1.958,100.0,16,24,0.0547,0.1722,0,24,0,0,0,48,False,17,0,1918.25,3003.16
1777933087.6722205,2.551,95.0,20,19,0.0454,0.1729,5,19,0,0,0,38,False,17,1,2505.89,3996.79
1777933117.6843925,2.749,100.0,10,15,0.0454,0.1804,9,12,3,0,0,27,False,11,0,2846.06,4490.89
1777933147.699654,3.387,100.0,15,14,0.1113,0.1787,6,8,6,4,0,42,False,23,0,3447.48,7233.96
1777933177.711662,4.292,93.94,33,22,0.335,0.172,2,22,0,0,0,44,False,30,2,4691.66,10124.11
1777933207.7249484,2.699,100.0,18,22,0.0981,0.1685,2,22,0,0,0,44,False,16,0,2845.25,4973.01
1777933237.7374966,1.704,100.0,4,12,0.0175,0.1811,12,11,1,0,0,23,False,6,0,1891.74,2006.25
1777933267.7505217,2.393,100.0,26,12,0.1689,0.1863,12,9,3,0,0,21,False,26,0,2334.15,3809.34
1777933297.764374,3.08,100.0,4,12,0.1028,0.1881,12,12,0,0,0,24,False,6,0,3032.85,3758.98
1777933327.776969,3.94,94.12,51,24,0.1583,0.2387,0,23,1,0,0,47,False,43,3,4378.77,10093.91
1777933357.7895172,2.994,100.0,16,24,0.0681,0.1565,0,21,3,0,0,45,False,15,1,3464.78,7296.01
1777933387.8022346,3.482,95.65,23,24,0.1127,0.1822,0,24,0,0,0,48,False,21,1,3791.23,8148.49
1777933417.8158097,2.978,93.33,15,20,0.0341,0.1806,4,19,1,0,0,39,False,15,1,2777.1,3899.62
1777933447.8286257,2.482,100.0,20,23,0.1033,0.1832,0,7,16,1,0,35,False,31,3,3166.88,6148.58
1777933477.8430789,6.054,86.96,23,24,0.2699,0.1577,0,21,3,0,0,45,False,29,3,6128.47,10575.34
1777933507.854978,4.444,100.0,6,20,0.0635,0.1643,4,15,5,0,0,35,False,7,1,3522.19,5666.23
1777933537.8678684,3.508,93.75,32,20,0.134,0.1789,4,15,5,0,0,35,False,28,2,3943.38,10006.57
1777933567.8817904,3.744,66.67,9,20,0.1162,0.1789,4,13,7,0,0,33,False,12,5,6487.62,10266.36
1777933597.8952935,4.355,86.36,44,24,0.3072,0.1877,0,16,8,0,0,40,False,43,5,4813.92,10330.07
1777933627.9125688,4.385,100.0,14,24,0.1631,0.1739,0,23,1,0,0,47,False,13,0,4237.88,6732.23
1777933657.9255316,2.539,93.33,15,20,0.0238,0.1853,4,18,2,0,0,38,False,15,1,2729.01,4344.02
1777933687.941924,3.179,100.0,8,13,0.0714,0.1814,11,7,6,0,0,20,False,11,0,3862.28,6272.04
1777933717.953748,3.797,100.0,7,13,0.1179,0.1816,11,12,1,0,0,25,False,9,0,3848.16,5765.23
1777933747.96741,3.11,96.97,33,20,0.062,0.2023,4,12,8,0,0,32,False,36,3,3447.47,10056.52
1777933777.9800837,3.04,82.35,17,20,0.1758,0.1714,4,17,3,0,0,37,False,17,3,4181.04,10242.88
1777933807.9964523,4.01,100.0,9,17,0.0904,0.1852,7,16,1,0,0,33,False,9,0,3756.03,6198.18
1777933838.0098708,2.023,100.0,13,11,0.0153,0.1826,13,8,3,0,0,19,False,15,0,2006.0,2693.25
1777933868.024773,3.45,100.0,21,11,0.1613,0.1968,13,10,1,0,0,21,False,21,0,3340.42,6087.57
1777933898.0375004,4.586,74.51,51,24,0.2504,0.2411,0,20,4,0,0,44,False,44,11,5276.81,10252.4
1777933928.0516908,2.922,95.45,22,24,0.1243,0.1804,0,13,11,0,0,37,False,21,1,3645.48,4912.46
1777933958.0650516,3.578,100.0,16,22,0.1438,0.182,2,16,6,0,0,38,False,17,0,3323.4,5057.47
1777933988.0838032,2.645,100.0,18,16,0.1117,0.1842,8,15,1,0,0,31,False,17,0,2676.69,3684.54
1777934018.0986772,4.38,86.96,46,24,0.0328,0.1917,0,18,6,0,0,42,False,45,9,5426.11,10198.17
1777934048.1128066,4.211,86.67,15,24,0.1717,0.1701,0,23,1,0,0,47,False,16,2,4640.05,10053.51
1777934078.1254005,2.841,95.0,20,19,0.0099,0.1719,5,18,1,0,0,37,False,17,1,2939.46,4736.66
1777934108.1383064,3.029,100.0,21,12,0.0962,0.197,12,12,0,0,0,24,False,19,0,2983.04,6896.88
1777934138.1515713,1.338,100.0,2,12,0.04,0.1874,12,6,6,0,0,18,False,2,0,1341.36,1197.56
1777934168.1644158,3.906,95.08,61,24,0.2677,0.183,0,23,1,0,0,47,False,58,3,3766.89,9886.43
1777934198.1771116,2.318,100.0,4,24,0.1183,0.17,0,21,3,0,0,45,False,9,0,2817.35,4927.5
1777934228.1900768,2.305,100.0,12,17,0.0883,0.1784,7,16,1,0,0,33,False,14,1,2434.86,3295.23
1777934258.202215,3.078,100.0,18,17,0.0903,0.1886,7,17,0,0,0,34,False,16,0,2969.0,4409.83
1777934288.216531,3.373,100.0,40,24,0.0222,0.1891,0,20,4,0,0,44,False,40,2,3925.69,10294.45
1777934318.232946,3.467,100.0,20,24,0.1319,0.1732,0,24,0,0,0,48,False,21,1,4181.6,8241.19
1777934348.245868,3.722,95.24,21,24,0.0553,0.1795,0,23,1,0,0,47,False,18,1,4083.35,8544.64
1777934378.2590663,3.738,100.0,16,24,0.0419,0.1754,0,24,0,0,0,48,False,17,0,3646.21,7023.26
1777934408.2722824,2.372,100.0,3,15,0.0535,0.181,9,14,1,0,0,29,False,4,0,2072.51,1557.52
1777934438.2847853,4.648,86.27,51,24,0.2355,0.198,0,21,3,0,0,45,False,49,6,5067.31,10587.3
1777934468.2973237,3.643,100.0,13,24,0.1057,0.1705,0,23,1,0,0,47,False,11,0,3646.66,6282.89
1777934498.3105152,3.103,100.0,20,23,0.0599,0.1789,1,23,0,0,0,46,False,17,0,3106.95,5557.99
1777934528.3285985,2.422,100.0,12,18,0.0239,0.177,6,17,1,0,0,35,False,16,0,2405.11,3760.06
1777934558.3418376,1.374,100.0,3,14,0.0751,0.1822,10,14,0,0,0,28,False,4,0,1406.31,1491.81
1777934588.3555853,4.645,87.93,58,24,0.2654,0.2554,0,19,5,0,0,43,False,53,6,5178.76,10086.86
1777934618.3676808,4.156,88.89,9,24,0.12,0.1733,0,24,0,0,0,48,False,8,1,4892.39,7621.45
1777934648.3805459,3.309,90.91,11,16,0.0236,0.1783,8,14,2,0,0,30,False,14,1,2705.71,5757.1
1777934678.3967965,3.145,100.0,6,13,0.1076,0.1829,11,10,3,0,0,23,False,11,0,2962.01,3753.89
1777934708.4096718,3.125,100.0,10,13,0.161,0.1998,0,0,13,11,3,368,False,16,0,2895.05,4650.14
1777934738.4245763,4.511,96.0,50,24,0.3206,0.206,0,20,4,0,0,44,False,47,2,4500.98,10039.79
1777934768.4373236,2.775,100.0,9,24,0.0903,0.183,0,23,1,0,0,47,False,9,0,2970.07,4128.26
1777934798.4508002,2.426,100.0,14,16,0.0467,0.1879,8,15,1,0,0,31,False,17,0,3583.5,7195.16
1777934828.4633393,3.101,100.0,21,13,0.0821,0.1894,11,13,0,0,0,26,False,19,0,3119.53,4292.04
1777934858.477106,2.345,100.0,8,13,0.0849,0.1876,11,6,7,0,0,19,False,14,0,2863.46,4878.56
1777934888.4900217,3.973,88.89,54,24,0.4044,0.1828,0,24,0,0,0,48,False,47,5,4682.38,10273.23
1777934918.503545,2.232,100.0,3,24,0.094,0.1658,0,23,1,0,0,47,False,3,0,2235.65,2045.5
1777934948.5172946,2.706,83.33,18,15,0.046,0.1919,9,6,9,0,0,21,False,20,3,3343.05,10005.29
1777934978.531431,2.879,90.48,21,22,0.2437,0.1906,0,2,20,2,0,34,False,33,2,3576.53,10004.38
1777935008.5446384,4.44,75.61,41,24,0.3379,0.1889,0,23,1,0,0,47,False,41,9,5679.29,10427.22
1777935038.5581074,2.199,50.0,2,24,0.0744,0.1778,0,24,0,0,0,48,False,3,1,4654.44,2203.0
1777935068.5711951,2.123,100.0,16,12,0.0319,0.1888,12,12,0,0,0,24,False,17,0,2194.58,3613.29
1777935098.5846972,2.336,100.0,7,12,0.0732,0.1833,12,11,1,0,0,23,False,13,0,2006.41,3547.07
1777935128.5986235,2.181,100.0,9,12,0.1276,0.1897,2,0,12,10,8,862,False,11,0,2372.19,3458.28
1777935158.6149988,4.292,86.05,43,24,0.3592,0.1763,0,23,1,0,0,47,False,40,5,4806.44,10166.78
1777935188.6295228,2.983,94.12,17,24,0.0594,0.1716,0,24,0,0,0,48,False,16,1,3359.26,9088.82
1777935218.6429765,2.695,100.0,10,13,0.0253,0.1821,11,10,3,0,0,23,False,15,0,3042.89,4984.47
1777935248.6560314,4.215,100.0,3,11,0.1379,0.1836,13,11,0,0,0,22,False,5,0,3755.71,4547.36
1777935278.6693804,2.146,100.0,18,11,0.0113,0.1837,13,11,0,0,0,22,False,17,0,2397.06,4518.51
1777935308.6820853,2.574,100.0,14,15,0.1269,0.1909,9,8,7,0,0,23,False,22,0,3034.61,5066.03
1777935338.6989636,3.648,96.0,25,19,0.3735,0.1813,5,17,2,0,0,36,False,28,1,3534.54,6696.54
1777935368.7143645,3.901,100.0,14,19,0.1305,0.192,5,10,9,0,0,29,False,14,0,3610.14,7215.87
1777935398.7276094,3.184,100.0,21,19,0.159,0.1848,5,15,4,0,0,34,False,28,0,2818.29,6187.76
1777935428.74015,4.289,100.0,6,19,0.099,0.181,5,19,0,0,0,38,False,7,0,3741.89,4789.05
1777935458.7533631,4.094,88.46,52,24,0.1453,0.2102,0,23,1,0,0,47,False,46,5,4723.72,10256.74
1777935488.7673364,3.386,93.75,16,24,0.1474,0.175,0,23,1,0,0,47,False,14,1,3903.0,9341.59
1777935518.7843606,1.923,100.0,7,16,0.015,0.1802,8,13,3,0,0,29,False,9,0,1860.41,2330.5
1777935548.7967918,3.111,100.0,14,15,0.1333,0.1861,9,12,3,0,0,27,False,17,0,3075.57,6489.3
1777935578.809951,1.97,72.73,11,15,0.129,0.1911,9,15,0,0,0,30,False,12,3,4152.0,10382.84
1777935608.8232105,4.164,82.35,51,24,0.1813,0.2302,0,23,1,0,0,47,False,44,8,5200.93,10240.05
1777935638.8411336,3.387,100.0,18,24,0.0895,0.1772,0,24,0,0,0,48,False,17,0,3314.51,5272.29
1777935668.8560653,2.897,100.0,16,19,0.0274,0.1821,5,19,0,0,0,38,False,17,0,3065.27,5895.81
1777935698.8687181,3.772,100.0,16,19,0.0705,0.1885,5,18,1,0,0,37,False,17,0,3767.27,5941.15
1777935728.8831663,3.255,100.0,19,24,0.0537,0.1859,0,16,8,0,0,40,False,36,0,3858.01,8429.02
1777935758.895939,3.896,92.31,26,24,0.1797,0.1772,0,24,0,0,0,48,False,24,2,4514.58,10021.51
1777935788.9109495,2.362,100.0,6,24,0.059,0.1735,0,20,4,0,0,44,False,14,0,2199.82,2484.19
1777935818.9235165,2.134,100.0,15,14,0.0781,0.1827,10,11,3,0,0,25,False,19,0,2520.63,6196.26
1777935848.937974,2.46,100.0,7,23,0.1108,0.1829,0,1,22,1,0,29,False,25,2,2981.76,4724.87
1777935878.9522266,5.078,97.5,40,24,0.2762,0.1747,0,24,0,0,0,48,False,40,1,5026.11,9784.57
1777935908.9660926,4.414,100.0,2,24,0.0461,0.171,0,23,1,0,0,47,False,6,0,2592.19,2153.89
1777935938.9776134,3.232,100.0,15,11,0.1409,0.203,13,11,0,0,0,22,False,14,0,3163.76,5897.36
1777935968.9898956,2.646,100.0,20,11,0.1139,0.2011,13,10,1,0,0,21,False,17,0,2649.5,4270.84
1777935999.0023148,4.157,88.89,54,21,0.1393,0.2151,3,21,0,0,0,42,False,48,5,3810.54,9954.74
1777936029.0158436,2.351,100.0,13,21,0.0539,0.1724,3,21,0,0,0,42,False,13,0,3156.85,6867.17
1777936059.0279875,5.206,100.0,3,15,0.0468,0.1815,9,12,3,0,0,27,False,8,0,3849.52,5377.26
1777936089.043604,3.069,83.33,12,15,0.1689,0.1954,9,15,0,0,0,30,False,13,2,4133.33,10082.75
1777936119.055629,3.468,94.74,19,15,0.1114,0.189,9,15,0,0,0,30,False,17,1,3797.95,9335.41
1777936149.068899,4.238,92.31,52,24,0.2331,0.243,0,24,0,0,0,48,False,44,4,4551.38,10108.84
1777936179.0812004,1.957,100.0,13,24,0.0541,0.1596,0,24,0,0,0,48,False,16,0,2543.69,3882.97
1777936209.095399,1.464,100.0,2,10,0.0317,0.184,14,10,0,0,0,20,False,3,0,1752.5,1591.61
1777936239.1070697,4.669,100.0,18,14,0.0185,0.1896,10,14,0,0,0,28,False,17,1,4831.15,9613.68
1777936269.11952,2.445,100.0,18,14,0.0692,0.1767,10,14,0,0,0,28,False,16,0,2800.35,4433.02
1777936299.1315794,2.627,87.5,16,24,0.0825,0.1813,0,11,13,0,0,35,False,26,2,2831.89,5376.34
1777936329.145573,2.919,69.77,43,24,0.2773,0.1841,0,24,0,0,0,48,False,37,11,5083.01,10311.82
1777936359.1578674,2.049,100.0,9,24,0.0621,0.1701,0,21,3,0,0,45,False,10,0,2294.4,3190.03
1777936389.170266,2.541,100.0,16,15,0.0707,0.1797,9,12,3,0,0,27,False,22,0,2441.5,3768.38
1777936419.1838543,2.821,100.0,6,14,0.1206,0.1807,10,14,0,0,0,28,False,5,0,2823.99,4270.95
1777936449.1989312,4.722,86.54,52,24,0.1024,0.2145,0,22,2,0,0,46,False,44,6,5015.6,10090.67
1777936479.2117472,3.968,100.0,20,24,0.132,0.1772,0,24,0,0,0,48,False,18,0,3838.5,6246.87
1777936509.2258408,3.793,100.0,18,23,0.0176,0.1697,1,22,1,0,0,45,False,16,0,4165.45,7379.06
1777936539.240915,5.527,100.0,3,15,0.0322,0.1798,9,15,0,0,0,30,False,4,0,4686.59,5449.06
1777936569.2570605,3.109,100.0,16,13,0.0985,0.1919,11,13,0,0,0,26,False,16,0,3134.17,5195.65
1777936599.269196,4.126,91.3,46,24,0.1132,0.2113,0,20,4,0,0,44,False,41,4,4905.0,10216.69
1777936629.281758,2.866,95.0,20,24,0.098,0.1585,0,24,0,0,0,48,False,19,3,4014.02,10115.71
1777936659.2947805,1.531,100.0,2,17,0.0356,0.1728,7,17,0,0,0,34,False,5,1,2107.3,2182.45
1777936689.3085806,2.449,100.0,16,13,0.0863,0.1922,11,13,0,0,0,26,False,15,0,2376.97,3843.19
1777936719.3209517,3.117,100.0,21,13,0.0791,0.2047,11,12,1,0,0,25,False,19,0,3066.97,4944.86
1777936749.33431,3.736,84.31,51,24,0.188,0.2203,0,23,1,0,0,47,False,44,7,4748.18,10190.72
1777936779.3463235,3.141,100.0,18,24,0.0908,0.1657,0,24,0,0,0,48,False,17,0,3007.15,4542.22
1777936809.3598626,3.209,95.24,21,20,0.026,0.1754,4,20,0,0,0,40,False,18,1,3171.59,5134.99
1777936839.3735697,2.624,100.0,16,16,0.0095,0.1737,8,15,1,0,0,31,False,16,0,2755.63,4195.66
1777936869.3872135,2.165,100.0,12,14,0.0832,0.1781,0,0,14,10,4,464,False,18,0,2538.13,3822.88
1777936899.404754,4.746,100.0,32,24,0.2824,0.1601,0,23,1,0,0,47,False,30,0,4636.39,9075.53
1777936929.4201083,2.588,100.0,19,24,0.0682,0.1777,0,24,0,0,0,48,False,16,0,2593.13,3962.45
1777936959.4327598,2.531,100.0,13,13,0.0028,0.1823,11,13,0,0,0,26,False,17,0,3262.83,5559.98
1777936989.4460368,2.767,100.0,13,16,0.1509,0.1833,8,14,2,0,0,30,False,17,0,3837.79,6378.53
1777937019.457771,2.839,94.74,19,24,0.0929,0.17,0,10,14,0,0,34,False,32,1,3511.81,10176.5
1777937049.4719346,3.707,87.5,32,24,0.305,0.1759,0,24,0,0,0,48,False,30,4,4571.45,10482.68
1777937079.484826,1.53,100.0,2,24,0.0399,0.1679,0,22,2,0,0,46,False,2,0,1534.1,1255.12
1777937109.496871,2.546,100.0,19,10,0.0746,0.1916,14,10,0,0,0,20,False,17,0,2615.19,4295.72
1777937139.5095534,3.026,100.0,14,10,0.0297,0.1838,14,10,0,0,0,20,False,17,0,3159.35,4919.72
1777937169.5237863,2.717,100.0,2,10,0.1407,0.1839,14,10,0,0,0,20,False,2,0,2720.8,1472.35
1777937199.536331,4.07,96.77,31,24,0.0579,0.1932,0,24,0,0,0,48,False,44,8,5113.95,10586.62
1777937229.549505,3.825,100.0,19,24,0.1198,0.1636,0,24,0,0,0,48,False,17,0,3804.9,5984.26
1777937259.5627398,3.916,100.0,2,19,0.0162,0.1736,5,16,3,0,0,35,False,6,1,3300.72,4595.0
1777937289.5768187,3.538,100.0,14,12,0.0804,0.1814,12,12,0,0,0,24,False,13,0,3421.81,6306.2
1777937319.5895042,2.989,100.0,21,12,0.1902,0.1863,7,0,12,5,4,437,False,21,0,2876.46,5886.15
1777937349.6024373,4.133,87.5,64,24,0.3563,0.1916,0,24,0,0,0,48,False,59,10,5343.38,10662.36
1777937379.6151824,2.457,95.24,21,24,0.1175,0.1742,0,24,0,0,0,48,False,18,1,2888.52,7266.55
1777937409.6277943,2.256,84.0,25,22,0.0471,0.1693,2,22,0,0,0,44,False,19,0,2230.35,3391.19
1777937439.6429863,3.75,98.18,55,24,0.0519,0.1892,0,18,6,0,0,42,False,46,1,3900.1,8735.61
1777937469.6560023,3.235,100.0,8,24,0.1526,0.177,0,24,0,0,0,48,False,16,0,3468.83,5586.73
1777937499.6696987,3.025,100.0,19,21,0.0669,0.1861,3,21,0,0,0,42,False,17,0,2921.55,4381.88
1777937529.68324,3.476,100.0,21,14,0.0694,0.1928,10,13,1,0,0,27,False,18,0,3480.23,5825.12
1777937559.6974053,4.232,94.12,51,24,0.1032,0.2085,0,24,0,0,0,48,False,44,3,4642.62,10187.02
1777937589.7108579,2.937,100.0,19,24,0.1163,0.1772,0,23,1,0,0,47,False,18,0,2812.03,4652.74
1777937619.7262976,3.071,100.0,19,22,0.0134,0.1657,2,22,0,0,0,44,False,18,0,2944.26,6593.54
1777937649.738745,2.264,100.0,19,17,0.0674,0.1894,7,15,2,0,0,32,False,16,0,2267.14,4203.01
1777937679.752386,3.447,100.0,31,16,0.0539,0.1806,4,2,14,4,0,38,False,28,0,3385.9,7091.52
1777937709.7688353,4.224,71.43,21,20,0.3048,0.1816,4,17,3,0,0,37,False,28,5,4836.88,10082.93
1777937739.7813451,3.923,100.0,1,20,0.0788,0.1762,4,19,1,0,0,39,False,7,0,2660.14,3926.93
1777937769.795457,2.334,100.0,18,11,0.0031,0.184,13,9,2,0,0,20,False,16,0,2277.18,3626.0
1777937799.8081262,3.916,100.0,21,20,0.0942,0.1963,4,20,0,0,0,40,False,20,1,3708.94,8151.23
1777937829.8243847,3.259,100.0,39,24,0.0641,0.1507,0,13,11,0,0,37,False,34,0,3288.68,5669.11
1777937859.8404284,2.206,100.0,15,24,0.2311,0.1687,0,21,3,0,0,45,False,24,0,4635.01,8994.07
1777937889.8550935,1.724,90.91,11,19,0.056,0.1773,5,12,7,0,0,31,False,14,1,2093.88,3010.36
1777937919.872096,3.4,100.0,16,17,0.1197,0.1963,7,14,3,0,0,31,False,21,0,3406.93,8467.02
1777937949.8875391,2.557,100.0,4,16,0.1246,0.1924,8,16,0,0,0,32,False,7,0,2971.18,4132.51
1777937979.9009423,3.354,86.67,60,24,0.1394,0.2208,0,20,4,0,0,44,False,53,7,4217.58,10192.16
1777938009.9154778,1.566,100.0,2,24,0.1378,0.1667,0,24,0,0,0,48,False,8,0,3196.66,5300.71
1777938039.9310107,3.129,100.0,18,17,0.0393,0.1874,7,17,0,0,0,34,False,17,0,2977.62,6209.39
1777938069.945315,2.245,100.0,14,12,0.0621,0.1826,12,7,5,0,0,19,False,12,0,2249.7,3344.68
1777938099.9621775,2.958,89.66,29,16,0.2036,0.1827,3,2,14,5,0,43,False,28,3,4180.1,10182.4
1777938129.9788728,5.597,95.0,20,21,0.3406,0.1746,3,16,5,0,0,37,False,29,2,5303.83,10104.12
1777938159.995814,3.06,100.0,8,21,0.1297,0.1697,3,20,1,0,0,41,False,11,0,3149.79,4845.65
1777938190.0103226,3.198,100.0,19,14,0.0326,0.1852,10,13,1,0,0,27,False,17,0,3186.92,8700.45
1777938220.0255399,2.712,100.0,13,10,0.0854,0.1841,14,10,0,0,0,20,False,14,0,2594.26,3565.85
1777938250.039975,3.403,100.0,7,10,0.176,0.184,14,9,1,0,0,19,False,9,0,2959.1,4387.68
1777938280.057936,3.897,86.67,45,23,0.292,0.2371,0,21,2,1,0,49,False,43,5,4398.95,10292.19
1777938310.0735967,3.981,100.0,14,24,0.1653,0.1644,0,24,0,0,0,48,False,16,0,3844.6,6895.5
1777938340.0879383,2.62,84.21,19,21,0.0269,0.1709,3,21,0,0,0,42,False,18,3,3830.49,10066.81
1777938370.103203,3.76,77.78,18,16,0.1575,0.203,8,15,1,0,0,31,False,17,4,5174.46,10274.32
1777938400.1171381,3.537,95.24,42,24,0.1451,0.1873,0,18,6,0,0,42,False,39,2,3930.85,10262.55
1777938430.1298447,2.764,87.5,8,24,0.2244,0.1667,0,22,2,0,0,46,False,12,4,5989.14,10337.65
1777938460.1466012,4.321,100.0,8,14,0.087,0.1802,10,14,0,0,0,28,False,11,0,3865.17,5676.14
1777938490.1601458,2.675,100.0,6,10,0.0227,0.1915,14,9,1,0,0,19,False,5,0,2678.8,4130.97
1777938520.1762977,2.715,100.0,14,9,0.1587,0.1988,15,9,0,0,0,18,False,14,0,2722.89,4993.34
1777938550.191994,2.514,100.0,20,9,0.0665,0.1923,15,9,0,0,0,18,False,17,0,2517.77,4018.91
1777938580.206936,2.686,100.0,6,9,0.0799,0.1904,15,9,0,0,0,18,False,5,0,2690.2,2942.1
1777938610.2204282,4.069,91.49,47,22,0.2923,0.2431,2,22,0,0,0,44,False,42,4,4075.85,10162.62
1777938640.2390087,2.802,100.0,19,22,0.0903,0.1791,2,22,0,0,0,44,False,16,0,2806.38,4629.61
1777938670.2543077,3.067,100.0,15,18,0.0279,0.1739,6,16,2,0,0,34,False,13,0,3071.46,5001.91
1777938700.268067,3.191,100.0,1,14,0.0719,0.1829,10,14,0,0,0,28,False,6,0,3249.35,3901.99
1777938730.2838864,3.446,100.0,19,14,0.1066,0.1941,10,14,0,0,0,28,False,17,0,3345.86,5859.49
1777938760.2986727,3.911,88.24,51,24,0.0572,0.1971,0,24,0,0,0,48,False,44,5,4372.84,10280.73
1777938790.3158212,4.362,100.0,12,24,0.207,0.1681,0,22,2,0,0,46,False,13,0,4143.75,7695.28
1777938820.331359,2.364,87.5,8,19,0.1022,0.1811,5,11,8,0,0,30,False,10,1,2256.4,3209.4
1777938850.3474543,3.279,100.0,15,19,0.1171,0.1846,5,15,4,0,0,34,False,23,0,3045.7,7656.08
1777938880.3614569,2.775,100.0,3,16,0.0909,0.1844,8,16,0,0,0,32,False,8,0,2826.39,4529.54
1777938910.3780508,4.863,82.61,46,24,0.0032,0.1807,0,20,4,0,0,44,False,40,7,5356.59,10121.12
1777938940.3949435,4.813,94.12,17,24,0.2879,0.1735,0,23,1,0,0,47,False,21,4,6089.18,10233.33
1777938970.4102445,3.221,90.0,20,24,0.0557,0.1755,0,23,1,0,0,47,False,18,2,3895.21,10012.63
1777939000.4275608,3.695,93.33,15,19,0.0336,0.1789,5,15,4,0,0,34,False,14,1,3493.48,5528.81
1777939030.4433813,3.322,100.0,2,12,0.1107,0.1892,12,12,0,0,0,24,False,6,2,5975.85,10511.57
1777939060.458483,4.997,66.07,56,24,0.2029,0.2523,0,23,1,0,0,47,False,48,15,6502.52,10578.36
1777939090.4715352,2.819,100.0,14,24,0.1111,0.1591,0,24,0,0,0,48,False,14,0,2767.19,5088.38
1777939120.487531,3.295,82.35,17,23,0.1078,0.1794,1,23,0,0,0,46,False,17,3,4307.55,10056.21
1777939150.5013256,3.211,100.0,19,23,0.0899,0.181,1,23,0,0,0,46,False,18,0,3059.13,5481.58
1777939180.5171723,3.3,83.33,54,24,0.1192,0.2031,0,18,6,0,0,42,False,47,8,4461.86,10317.01
1777939210.5342805,5.194,88.89,9,24,0.182,0.1856,0,24,0,0,0,48,False,13,1,4703.03,7674.4
1777939240.548928,2.459,93.75,16,19,0.003,0.1799,5,18,1,0,0,37,False,16,1,2844.26,4669.0
1777939270.562918,2.623,100.0,10,15,0.0841,0.1855,9,9,6,0,0,24,False,12,0,2747.81,5250.63
1777939300.5766845,4.719,87.5,56,24,0.2865,0.2025,0,24,0,0,0,48,False,52,6,5288.56,10416.69
1777939330.5914793,3.09,94.74,19,24,0.1691,0.1703,0,24,0,0,0,48,False,16,1,3614.34,6435.72
1777939360.6063862,0.0,0.0,1,8,0.003,0.1838,16,2,6,0,0,10,False,2,1,2734.33,1370.78
1777939390.6215682,3.104,95.65,23,12,0.2561,0.1829,12,11,1,0,0,23,False,27,1,3204.44,7150.69
1777939420.6358278,3.148,100.0,12,12,0.1798,0.1859,12,7,5,0,0,19,False,14,0,2818.79,3594.43
1777939450.6502368,4.504,58.14,43,24,0.3378,0.185,0,24,0,0,0,48,False,43,15,5790.31,10397.01
1777939480.6635342,2.742,100.0,12,24,0.0772,0.1683,0,24,0,0,0,48,False,13,0,2538.58,3406.99
1777939510.6770158,3.049,100.0,20,10,0.0201,0.1815,14,10,0,0,0,20,False,18,0,2989.43,5293.13
1777939540.6953986,2.434,100.0,12,10,0.1643,0.1904,14,10,0,0,0,20,False,11,0,2356.37,3705.46
1777939570.7083685,2.565,100.0,10,10,0.2071,0.1818,14,9,1,0,0,19,False,12,0,2342.82,3877.49
1777939600.723103,3.259,93.62,47,24,0.3863,0.1965,0,22,2,0,0,46,False,45,3,3135.83,7373.09
1777939630.7382936,4.298,100.0,8,24,0.1091,0.1719,0,24,0,0,0,48,False,13,0,3414.08,5331.94
1777939660.7521596,2.838,100.0,19,18,0.0748,0.1799,6,18,0,0,0,36,False,17,0,2766.8,6689.05
1777939690.768117,2.719,100.0,20,14,0.0873,0.1964,10,14,0,0,0,28,False,17,0,2725.05,4459.98
1777939720.780658,3.677,93.94,33,24,0.1776,0.2303,0,10,14,0,0,34,False,32,2,3683.48,6932.63
1777939750.7948744,3.481,75.0,28,24,0.1544,0.1792,0,24,0,0,0,48,False,32,8,5575.7,10459.92
1777939780.8078418,2.49,100.0,20,24,0.0908,0.1722,0,24,0,0,0,48,False,17,0,2494.74,4605.29
1777939810.8224916,2.649,100.0,7,15,0.0425,0.1847,9,11,4,0,0,26,False,6,0,2653.51,4120.36
1777939840.836831,2.344,100.0,9,11,0.0439,0.1825,13,11,0,0,0,22,False,12,0,2505.89,3744.74
1777939870.850782,3.047,96.3,27,24,0.1817,0.2219,0,5,19,0,0,29,False,26,1,3051.25,7083.52
1777939900.863547,3.354,66.67,21,24,0.1084,0.1765,0,22,2,0,0,46,False,33,12,6001.86,10506.3
1777939930.8772767,1.963,100.0,7,24,0.0462,0.1802,0,18,6,0,0,42,False,9,0,2608.28,4449.19
1777939960.890607,3.943,100.0,12,21,0.0453,0.1807,3,21,0,0,0,42,False,15,0,3853.56,8588.09
1777939990.9056623,3.717,94.74,19,20,0.1147,0.175,4,19,1,0,0,39,False,16,1,4143.5,10474.52
1777940020.9224691,5.06,79.59,49,24,0.2911,0.1769,0,21,3,0,0,45,False,45,9,5408.63,10206.13
1777940050.9384687,2.905,80.0,15,24,0.0922,0.183,0,24,0,0,0,48,False,17,3,4181.43,10985.79
1777940080.9522686,2.898,100.0,18,15,0.0555,0.2018,9,14,1,0,0,29,False,16,1,3370.53,6681.28
1777940110.9659436,2.043,93.33,15,15,0.1456,0.1952,9,14,1,0,0,29,False,17,2,3001.82,10006.74
1777940140.9786818,5.895,100.0,2,11,0.0543,0.183,13,11,0,0,0,22,False,4,0,4406.66,3677.24
1777940170.9924748,4.765,87.27,55,24,0.3554,0.1753,0,19,5,0,0,43,False,48,6,5160.65,10188.86
1777940201.0058146,3.496,95.24,21,24,0.0558,0.1782,0,21,3,0,0,45,False,25,1,3732.23,8951.43
1777940231.020027,1.751,80.0,5,22,0.0503,0.1768,2,19,3,0,0,41,False,10,2,3674.44,10082.21
1777940261.0335393,2.866,87.5,8,15,0.0245,0.1798,9,15,0,0,0,30,False,13,1,2613.49,2712.39
1777940291.0477526,5.375,75.0,52,24,0.3167,0.1843,0,23,1,0,0,47,False,45,11,6528.24,10505.25
1777940321.064512,3.519,100.0,19,24,0.147,0.1638,0,24,0,0,0,48,False,18,0,3326.99,5413.06
1777940351.0857363,3.777,100.0,20,20,0.1011,0.1914,4,20,0,0,0,40,False,17,0,3782.08,7291.79
1777940381.10258,2.958,100.0,16,18,0.0852,0.1793,6,16,2,0,0,34,False,15,0,2850.98,4494.16
1777940411.1189861,3.595,100.0,3,16,0.0376,0.1757,8,16,0,0,0,32,False,5,0,3133.26,3910.25
1777940441.131794,4.662,98.04,51,24,0.2564,0.1784,0,20,4,0,0,44,False,46,1,4729.51,9116.9
1777940471.1470466,3.348,100.0,12,24,0.0562,0.1655,0,24,0,0,0,48,False,14,0,3282.05,4683.42
1777940501.1606412,2.872,100.0,19,14,0.0936,0.1896,10,13,1,0,0,27,False,17,0,2863.53,4588.81
1777940531.1738431,2.944,100.0,18,13,0.1089,0.2096,11,11,2,0,0,24,False,16,0,3357.68,6182.65
1777940561.1874263,2.143,100.0,4,12,0.0662,0.1823,12,9,3,0,0,21,False,7,0,2497.63,3030.58
1777940591.2001238,4.97,79.17,48,24,0.2959,0.1671,0,20,4,0,0,44,False,47,9,5599.49,10384.75
1777940621.21553,4.915,92.31,13,24,0.0633,0.1607,0,24,0,0,0,48,False,12,1,5095.07,7964.54
1777940651.230923,2.734,94.74,19,20,0.0568,0.1875,4,20,0,0,0,40,False,17,1,2727.58,4802.43
1777940681.2447112,3.038,100.0,20,17,0.1391,0.1849,7,17,0,0,0,34,False,18,0,2959.94,6416.12
1777940711.261409,3.265,96.88,32,21,0.1151,0.2124,0,10,11,3,0,46,False,34,1,3557.46,7838.62
1777940741.276379,3.713,100.0,22,24,0.1521,0.1806,0,23,1,0,0,47,False,28,0,4231.0,8173.47
1777940771.2903001,2.299,100.0,19,24,0.0645,0.1857,0,24,0,0,0,48,False,18,0,2379.2,4485.05
1777940801.3032126,2.229,100.0,19,19,0.0823,0.1897,5,19,0,0,0,38,False,17,0,2434.54,5255.02
1777940831.3196652,2.236,100.0,13,19,0.0302,0.1834,1,1,18,4,0,40,False,14,0,2299.61,3242.07
1777940861.3353229,3.728,76.19,42,23,0.2145,0.1782,1,23,0,0,0,46,False,48,9,4883.94,10409.25
1777940891.3502917,2.424,100.0,3,23,0.0199,0.1733,1,22,1,0,0,45,False,3,0,2427.75,1574.68
1777940921.365002,2.981,100.0,19,18,0.1177,0.1947,6,13,5,0,0,31,False,18,0,2963.58,4270.24
1777940951.3799436,3.85,100.0,14,18,0.0976,0.1805,6,15,3,0,0,33,False,18,0,3369.98,8022.15
1777940981.3946283,4.134,95.31,64,24,0.2586,0.1812,0,24,0,0,0,48,False,60,3,4290.24,10441.69
1777941011.4079306,2.54,100.0,7,24,0.0256,0.1783,0,21,3,0,0,45,False,10,0,2749.11,4167.74
1777941041.4214005,1.878,85.71,7,12,0.0083,0.1837,12,12,0,0,0,24,False,9,1,2982.21,3660.59
1777941071.4351788,3.478,100.0,15,11,0.1633,0.2061,13,8,3,0,0,19,False,14,0,3754.35,6863.36
1777941101.4507105,3.014,100.0,22,19,0.1987,0.2555,5,0,19,0,0,19,False,26,1,3830.54,9091.19
1777941131.4643586,4.192,55.17,29,19,0.1677,0.1678,5,19,0,0,0,38,False,37,12,6780.69,11775.8
1777941161.4779134,2.341,100.0,6,19,0.0456,0.1745,5,8,11,0,0,27,False,9,0,2421.98,3104.33
1777941191.4929864,2.493,100.0,9,19,0.03,0.1778,5,14,5,0,0,33,False,19,0,2779.15,3990.19
1777941221.5056,2.161,100.0,7,19,0.0558,0.175,5,19,0,0,0,38,False,11,1,3382.16,4477.98
1777941251.5203557,3.719,92.5,40,24,0.2948,0.2177,0,21,3,0,0,45,False,41,6,4133.49,10221.61
1777941281.5338178,2.922,83.33,12,24,0.0321,0.1671,0,20,4,0,0,44,False,15,2,3863.49,10092.76
1777941311.5497878,1.876,100.0,2,19,0.009,0.1723,5,19,0,0,0,38,False,6,0,3764.29,5375.2
1777941341.5640087,3.14,100.0,20,17,0.1462,0.1828,7,17,0,0,0,34,False,18,0,3085.69,5591.43
1777941371.5789442,2.286,100.0,15,15,0.0688,0.1802,9,14,1,0,0,29,False,15,0,2228.65,4091.64
1777941401.6150763,3.578,100.0,3,14,0.0357,0.181,10,0,14,0,0,14,False,4,0,3982.68,5185.75
1777941431.6304684,5.13,83.61,61,24,0.2669,0.1781,0,23,1,0,0,47,False,59,9,5616.97,11031.98
1777941461.6439567,2.19,100.0,13,24,0.0539,0.1723,0,22,2,0,0,46,False,15,0,2541.12,4110.29
1777941491.656959,2.702,94.74,19,18,0.0439,0.1884,6,14,4,0,0,32,False,18,1,3021.23,6666.2
1777941521.6767576,3.406,100.0,28,18,0.0878,0.2008,1,4,14,5,0,47,False,35,1,3773.37,9994.98
1777941551.6947527,3.734,81.82,22,23,0.1045,0.1853,1,22,1,0,0,45,False,29,4,5035.02,10172.99
1777941581.7091274,2.824,100.0,8,23,0.0229,0.1837,1,21,2,0,0,44,False,8,0,3404.02,5689.03
1777941611.7246907,3.265,100.0,18,19,0.0623,0.1868,5,13,6,0,0,32,False,20,0,3041.6,4706.28
1777941641.7381213,2.663,100.0,6,19,0.0428,0.18,5,19,0,0,0,38,False,11,0,3133.01,6098.28
1777941671.7509212,4.037,89.29,56,23,0.3599,0.2121,1,17,6,0,0,40,False,51,7,4823.11,10161.93
1777941701.7693934,4.229,85.71,7,23,0.0741,0.182,1,22,1,0,0,45,False,11,1,4300.87,6611.24
1777941731.783762,2.722,100.0,20,18,0.0958,0.1843,6,18,0,0,0,36,False,17,0,2726.36,5253.64
1777941761.7987807,2.436,100.0,14,14,0.0874,0.196,10,12,2,0,0,26,False,15,0,2427.7,3873.42
1777941791.812555,2.263,100.0,3,14,0.0182,0.1835,10,13,1,0,0,27,False,5,0,3245.62,3636.85
1777941821.8273447,4.314,92.45,53,24,0.1971,0.1582,0,23,1,0,0,47,False,48,4,4525.75,10042.46
1777941851.8432977,1.815,100.0,13,24,0.0217,0.1708,0,24,0,0,0,48,False,13,0,1783.16,2145.57
1777941881.856519,2.16,100.0,7,12,0.0458,0.1829,12,11,1,0,0,23,False,10,0,2428.06,3321.11
1777941911.8717315,2.596,100.0,8,12,0.0306,0.1829,12,12,0,0,0,24,False,8,0,2475.68,2961.44
1777941941.8846648,2.532,100.0,19,12,0.1436,0.183,12,12,0,0,0,24,False,16,0,2536.51,3757.4
1777941971.899722,2.877,100.0,9,12,0.072,0.2157,8,2,10,4,0,34,False,15,0,2772.63,4040.07
1777942001.913844,3.981,93.33,30,16,0.1932,0.1814,8,15,1,0,0,31,False,32,2,4315.44,10004.74
1777942031.9285858,3.025,100.0,14,16,0.0671,0.1765,8,14,2,0,0,30,False,13,0,3269.01,6152.27
1777942061.943031,1.942,85.71,7,12,0.0188,0.1827,12,11,1,0,0,23,False,7,2,4402.57,10138.99
1777942091.9566603,2.217,100.0,16,12,0.1524,0.1829,12,12,0,0,0,24,False,14,0,2220.65,3345.24
1777942121.9695473,2.42,100.0,13,12,0.0492,0.1908,12,9,3,0,0,21,False,13,0,2280.78,3422.89
1777942151.982848,2.735,100.0,8,10,0.0904,0.1837,6,0,10,8,1,150,False,9,0,2612.85,3881.91
1777942181.9990773,4.636,80.0,45,24,0.1977,0.1574,0,19,5,0,0,43,False,44,8,5354.96,10322.37
1777942212.0128877,2.36,100.0,12,24,0.0372,0.1662,0,23,1,0,0,47,False,15,0,2440.98,4323.3
1777942242.027196,2.551,100.0,18,20,0.0614,0.1736,4,14,6,0,0,34,False,18,0,2409.96,4042.93
1777942272.040458,3.912,82.35,17,20,0.1468,0.1764,4,20,0,0,0,40,False,18,3,4759.2,10137.31
1777942302.0536196,3.187,100.0,26,20,0.1343,0.2163,0,11,10,3,0,47,False,34,0,3685.23,7870.99
1777942332.070109,3.364,66.67,30,24,0.1593,0.1709,0,23,1,0,0,47,False,29,9,5679.38,10200.49
1777942362.0861301,3.946,100.0,19,24,0.1666,0.1806,0,24,0,0,0,48,False,17,0,3838.09,7223.81
1777942392.101277,2.218,100.0,16,21,0.0779,0.1837,3,21,0,0,0,42,False,17,0,2797.82,4998.64
1777942422.1151907,2.819,100.0,22,20,0.1286,0.2031,4,9,11,0,0,29,False,23,0,2996.75,4297.1
1777942452.1331618,3.325,80.0,20,20,0.1386,0.1725,4,20,0,0,0,40,False,24,4,4713.05,10458.25
1777942482.1464443,2.913,100.0,16,20,0.077,0.1807,4,19,1,0,0,39,False,15,0,3379.21,8094.41
1777942512.1604562,3.312,95.0,20,14,0.1663,0.1874,10,14,0,0,0,28,False,19,1,3868.42,8672.46
1777942542.1729505,3.66,80.0,20,14,0.1953,0.1962,10,10,4,0,0,24,False,21,4,4723.66,10380.27
1777942572.186176,4.303,74.07,54,24,0.2332,0.1842,0,19,5,0,0,43,False,50,12,5565.77,10700.5
1777942602.2004452,3.713,50.0,8,24,0.1018,0.1759,0,23,1,0,0,47,False,8,4,6962.42,10306.3
1777942632.2140458,4.695,88.89,18,20,0.2023,0.1803,4,17,3,0,0,37,False,17,2,5204.66,10005.65
1777942662.2290184,3.484,93.75,16,20,0.1165,0.1763,4,20,0,0,0,40,False,18,1,3757.8,8787.6
1777942692.2439067,4.178,88.46,52,24,0.3067,0.1943,0,24,0,0,0,48,False,45,5,4788.14,10026.44
1777942722.2589195,2.566,88.89,18,24,0.0878,0.1823,0,23,1,0,0,47,False,16,2,3534.94,10006.37
1777942752.271944,2.597,94.74,19,19,0.0884,0.1899,5,19,0,0,0,38,False,18,1,2667.18,4005.53
1777942782.2858074,2.532,100.0,13,11,0.0488,0.2067,13,7,4,0,0,18,False,13,0,2827.65,4406.85
1777942812.298792,2.519,90.0,10,11,0.1741,0.2149,0,0,11,13,1,176,False,17,3,4093.58,10558.94
1777942842.312462,4.652,75.68,37,24,0.1803,0.1739,0,21,3,0,0,45,False,45,13,4963.95,10440.31
1777942872.3266754,1.871,100.0,3,24,0.019,0.165,0,22,2,0,0,46,False,6,0,3010.29,3993.92
1777942902.3411412,2.333,75.0,16,18,0.0955,0.1813,6,18,0,0,0,36,False,18,4,4032.32,10292.43
1777942932.3561692,1.755,100.0,1,14,0.0144,0.1807,10,8,6,0,0,22,False,3,0,2088.01,1999.17
1777942962.369703,3.772,87.5,16,14,0.0822,0.1807,10,13,1,0,0,27,False,15,2,4505.86,10279.98
1777942992.3826594,3.834,91.84,49,24,0.3557,0.1712,0,24,0,0,0,48,False,44,4,4241.76,10014.26
1777943022.3971272,3.419,94.12,17,24,0.0917,0.173,0,24,0,0,0,48,False,16,2,4271.99,10006.47
1777943052.410915,3.953,100.0,3,11,0.0353,0.1888,13,7,4,0,0,18,False,5,0,3066.3,4387.3
1777943082.4242892,5.35,92.86,14,11,0.2409,0.1905,13,10,1,0,0,21,False,15,2,5590.71,10005.08
1777943112.4374208,3.236,100.0,16,11,0.1382,0.2219,13,11,0,0,0,22,False,16,0,3647.09,7797.97
1777943142.4546773,3.307,100.0,3,11,0.0506,0.1941,5,0,11,8,5,551,False,9,0,3204.93,5264.25
1777943172.4719121,4.424,70.91,55,24,0.3447,0.1815,0,24,0,0,0,48,False,54,14,5817.89,10546.84
1777943202.485003,3.303,100.0,12,24,0.0728,0.1731,0,23,1,0,0,47,False,13,0,3039.22,5876.04
1777943232.502135,2.266,100.0,10,18,0.0282,0.1722,6,16,2,0,0,34,False,12,1,2818.9,4969.43
1777943262.5153508,3.511,70.0,10,16,0.113,0.1865,8,16,0,0,0,32,False,11,3,5628.28,10161.72
1777943292.5280848,2.478,100.0,14,24,0.0551,0.2039,0,3,21,0,0,27,False,18,0,3134.34,5196.68
1777943322.5421176,4.842,83.33,24,24,0.1081,0.1806,0,20,4,0,0,44,False,34,3,5020.41,10342.99
1777943352.5554304,4.549,100.0,12,24,0.0992,0.1758,0,22,2,0,0,46,False,12,0,4159.57,8284.26
1777943382.5681365,5.406,100.0,19,11,0.2875,0.1952,13,11,0,0,0,22,False,16,0,5410.76,9086.3
1777943412.581499,1.883,100.0,8,11,0.0242,0.1889,13,7,4,0,0,18,False,11,0,2150.81,3791.4
1777943442.5944362,3.405,100.0,8,11,0.0889,0.1976,0,0,11,13,13,1576,True,17,0,3353.84,5038.74
1777943472.6161551,4.847,60.0,55,24,0.3429,0.1962,0,24,0,0,0,48,False,51,19,6732.09,10448.61
1777943502.6297297,3.428,100.0,2,24,0.0396,0.1659,0,24,0,0,0,48,False,2,0,3432.68,1569.46
1777943532.644277,4.116,95.0,20,14,0.2245,0.2068,10,12,2,0,0,26,False,18,1,4646.23,8998.26
1777943562.6571255,4.758,100.0,18,14,0.2345,0.1919,10,14,0,0,0,28,False,18,0,4368.04,8804.44
1777943592.672648,3.515,100.0,18,24,0.0701,0.2066,0,11,13,0,0,35,False,31,2,4810.93,10010.77
1777943622.6853907,4.397,76.92,26,24,0.1414,0.1652,0,24,0,0,0,48,False,30,7,6322.33,10230.53
1777943652.6997833,3.989,88.89,18,24,0.0533,0.1747,0,24,0,0,0,48,False,18,2,4796.45,10007.86
1777943682.713387,2.236,100.0,12,23,0.0273,0.1745,1,18,5,0,0,41,False,12,0,2276.09,3329.21
1777943712.7273126,4.265,66.67,3,23,0.0411,0.1955,1,4,19,0,0,27,False,12,2,3924.41,10005.2
1777943742.7423468,4.754,84.21,38,23,0.1988,0.1837,1,23,0,0,0,46,False,40,5,5095.48,10363.23
1777943772.7559304,3.318,100.0,19,23,0.1464,0.178,1,23,0,0,0,46,False,16,0,3322.11,6898.47
1777943802.7693257,2.577,100.0,7,15,0.0612,0.1972,9,12,3,0,0,27,False,9,0,3019.08,3678.8
1777943832.7826545,4.306,75.0,16,15,0.0979,0.1994,9,11,4,0,0,26,False,22,6,5677.15,10505.83
1777943862.7948127,4.593,80.0,5,15,0.1229,0.1815,9,14,1,0,0,29,False,8,1,4901.59,7759.94
1777943892.8083572,4.224,93.75,48,15,0.3866,0.2131,9,11,4,0,0,26,False,42,3,4646.38,10243.22
1777943922.8205905,3.748,100.0,19,15,0.1519,0.1858,9,15,0,0,0,30,False,18,0,3689.78,6167.17
1777943952.834031,3.25,100.0,19,15,0.1339,0.1859,9,15,0,0,0,30,False,17,0,3290.99,7003.37
1777943982.849553,3.974,75.0,16,14,0.194,0.2065,10,11,3,0,0,25,False,14,4,5720.08,10111.49
1777944012.8628445,5.381,50.0,4,13,0.0769,0.1892,11,10,3,0,0,23,False,5,2,8167.62,10128.23
1777944042.8753507,4.397,68.0,50,24,0.4203,0.1966,0,24,0,0,0,48,False,46,14,6078.54,10427.81
1777944072.8884397,3.608,88.24,17,24,0.1409,0.1706,0,24,0,0,0,48,False,15,2,4476.98,10006.23
1777944102.9012673,2.457,100.0,3,18,0.0241,0.1913,6,15,3,0,0,33,False,9,1,3919.08,5847.04
1777944132.9156191,1.709,33.33,12,12,0.0845,0.2,12,8,4,0,0,20,False,15,7,5843.83,10244.13
1777944162.9286864,4.31,85.71,14,12,0.1589,0.1886,12,6,6,0,0,18,False,14,2,4779.13,10006.06
1777944192.9475136,3.94,77.78,54,24,0.3828,0.182,0,22,2,0,0,46,False,49,10,4933.39,10171.54
1777944222.9616573,4.987,100.0,16,24,0.0559,0.1733,0,19,5,0,0,43,False,21,0,4297.5,8423.02
1777944252.977178,5.205,100.0,8,24,0.0448,0.1743,0,24,0,0,0,48,False,9,0,4922.27,5969.41
1777944282.9902844,3.995,71.43,21,19,0.1864,0.1876,5,19,0,0,0,38,False,18,5,5756.19,10539.66
1777944313.003283,4.135,80.65,31,24,0.2177,0.2127,0,15,9,0,0,39,False,35,9,5279.44,10723.44
1777944343.0156958,5.152,64.29,28,24,0.2398,0.1952,0,24,0,0,0,48,False,26,10,7090.27,10305.63
1777944373.0291092,3.092,100.0,2,24,0.0787,0.1658,0,23,1,0,0,47,False,4,0,2637.8,2672.15
1777944403.0424957,3.16,100.0,16,12,0.0694,0.1833,12,12,0,0,0,24,False,15,0,3067.77,4089.49
1777944433.0550063,3.488,90.48,21,12,0.2834,0.2026,12,12,0,0,0,24,False,19,2,4115.27,10112.35
1777944463.0714788,4.465,76.0,50,24,0.3423,0.1764,0,14,10,0,0,38,False,43,11,5516.35,10817.5
1777944493.084998,3.767,71.43,14,24,0.079,0.1709,0,24,0,0,0,48,False,19,4,4641.55,10089.1
1777944523.0994716,4.887,83.33,18,24,0.1646,0.1806,0,23,1,0,0,47,False,16,3,5901.0,10163.72
1777944553.1127415,3.98,93.75,16,19,0.1808,0.1921,5,17,2,0,0,36,False,17,1,4889.86,9811.6
1777944583.128343,3.16,93.75,16,19,0.0472,0.1925,1,5,14,4,0,44,False,24,1,3642.41,5569.85
1777944613.1496644,4.177,53.85,26,23,0.1411,0.1803,1,20,3,0,0,43,False,24,10,6661.06,11378.44
1777944643.1623883,2.556,82.35,17,23,0.0871,0.1744,1,22,1,0,0,45,False,15,3,4119.95,10378.76
1777944673.176474,3.855,90.48,21,21,0.1255,0.1809,3,21,0,0,0,42,False,19,2,4815.56,10005.81
1777944703.1893172,3.124,95.0,20,19,0.1175,0.1794,5,18,1,0,0,37,False,17,1,2995.54,5304.99
1777944733.203093,4.105,82.22,45,24,0.3424,0.2174,0,20,4,0,0,44,False,42,9,5436.76,10368.26
1777944763.2172167,2.699,100.0,18,24,0.1511,0.1752,0,24,0,0,0,48,False,19,4,4293.96,10392.29
1777944793.2311337,1.864,100.0,2,14,0.0737,0.1837,10,13,1,0,0,27,False,3,0,1772.95,1685.25
1777944823.2450097,3.858,100.0,19,13,0.2308,0.1887,11,13,0,0,0,26,False,17,0,3795.15,7142.65
1777944853.2590985,3.043,76.47,17,13,0.1441,0.2105,11,13,0,0,0,26,False,18,6,5365.79,10148.58
1777944883.2737217,1.995,100.0,7,24,0.0973,0.2102,0,13,11,0,0,37,False,15,1,2941.96,4963.79
1777944913.2868996,3.176,72.34,47,24,0.1835,0.189,0,23,1,0,0,47,False,44,12,5160.32,10807.24
1777944943.3020813,3.678,100.0,2,24,0.0672,0.1796,0,24,0,0,0,48,False,3,1,5887.07,4771.36
1777944973.3149478,2.864,76.92,13,14,0.1473,0.1933,10,13,1,0,0,27,False,16,4,3898.27,10005.28
1777945003.3310254,3.766,100.0,9,13,0.1348,0.1952,11,9,4,0,0,22,False,14,3,4905.85,10096.57
1777945033.3440661,3.432,93.33,15,24,0.2158,0.2111,0,10,14,0,0,34,False,26,3,4293.75,10185.42
1777945063.3571048,4.128,64.29,28,24,0.1492,0.1667,0,22,2,0,0,46,False,27,9,6364.59,10430.91
1777945093.3722012,3.879,93.75,16,24,0.1375,0.1745,0,23,1,0,0,47,False,14,1,4319.7,9296.43
1777945123.3852775,2.261,92.31,13,10,0.0729,0.1836,14,9,1,0,0,19,False,15,1,3105.39,5815.46
1777945153.3984387,3.323,94.12,17,20,0.1411,0.2147,4,19,1,0,0,39,False,21,4,4397.49,10005.56
1777945183.4109964,3.929,100.0,37,24,0.1498,0.1874,0,19,5,0,0,43,False,38,0,3684.67,8015.83
1777945213.4278686,4.238,100.0,20,24,0.0971,0.1942,0,24,0,0,0,48,False,23,1,5162.55,10258.02
1777945243.4405963,1.618,100.0,4,24,0.0135,0.1738,0,19,5,0,0,43,False,5,0,1641.19,1717.98
1777945273.4584148,3.328,88.89,27,24,0.0834,0.1831,0,21,3,0,0,45,False,29,4,4500.94,10168.12
1777945303.473294,2.223,83.33,6,24,0.0549,0.1841,0,3,21,0,0,27,False,22,1,3780.5,7553.05
1777945333.4986117,4.526,79.49,39,24,0.1978,0.1873,0,19,5,0,0,43,False,37,8,5671.53,10180.12
1777945363.512789,4.308,85.71,7,24,0.0573,0.1806,0,24,0,0,0,48,False,7,1,5076.94,6735.68
1777945393.5289156,2.404,100.0,20,16,0.1132,0.1892,8,16,0,0,0,32,False,17,0,2409.25,4307.64
1777945423.5422976,2.07,100.0,8,12,0.0299,0.1932,12,7,5,0,0,19,False,10,0,1877.88,2175.07
1777945453.5552201,3.849,93.75,16,21,0.1464,0.2254,0,0,21,3,2,236,False,26,2,3592.87,9751.21
1777945483.5691507,4.155,72.0,25,24,0.1525,0.1642,0,24,0,0,0,48,False,30,7,5084.6,10384.44
1777945513.5834045,2.216,100.0,16,24,0.0627,0.17,0,24,0,0,0,48,False,15,0,2163.32,4037.44
1777945543.5964422,1.831,100.0,9,12,0.0642,0.1983,12,8,4,0,0,20,False,12,0,2082.63,3225.99
1777945573.6098363,2.62,100.0,14,12,0.0661,0.2006,12,9,3,0,0,21,False,19,0,2855.76,6370.0
1777945603.6223235,1.754,66.67,6,12,0.0331,0.1914,12,12,0,0,0,24,False,7,1,4263.55,10067.97
1777945633.6354725,4.92,86.67,45,24,0.299,0.1899,0,23,1,0,0,47,False,43,9,5978.46,10655.74
1777945663.6524477,4.599,94.74,19,24,0.1538,0.1634,0,24,0,0,0,48,False,17,1,4811.59,9088.23
1777945693.665622,3.888,95.0,20,24,0.1608,0.1891,0,24,0,0,0,48,False,18,1,4090.49,9256.92
1777945723.682232,2.555,100.0,19,23,0.087,0.1768,1,23,0,0,0,46,False,17,0,2495.65,3988.07
1777945753.6952412,1.394,100.0,2,11,0.0074,0.1835,13,9,2,0,0,20,False,3,0,1541.4,1399.58
1777945783.7111893,4.192,94.55,55,24,0.2853,0.1613,0,17,7,0,0,41,False,51,3,4072.52,8928.73
1777945813.7289855,3.469,92.31,13,24,0.0258,0.1668,0,21,3,0,0,45,False,13,1,3662.52,9298.3
1777945843.7461975,3.183,93.75,16,22,0.0586,0.1739,2,21,1,0,0,43,False,16,1,3576.64,8622.82
1777945873.760961,2.709,94.12,17,20,0.0692,0.1803,4,19,1,0,0,39,False,15,1,2642.2,4149.46
1777945903.7771022,4.285,94.87,39,24,0.2566,0.2661,0,23,1,0,0,47,False,44,11,5725.99,10513.97
1777945933.7935174,2.352,100.0,19,24,0.0842,0.1693,0,23,1,0,0,47,False,17,0,2826.15,4974.92
1777945963.8065648,3.827,100.0,4,20,0.0148,0.172,4,17,3,0,0,37,False,6,0,3186.35,3729.88
1777945993.820287,2.991,100.0,14,14,0.1175,0.185,10,14,0,0,0,28,False,14,0,2763.9,4927.02
1777946023.8343048,2.769,100.0,21,14,0.1627,0.1859,10,9,5,0,0,23,False,19,0,2732.95,3925.54
1777946053.850897,3.7,100.0,45,23,0.2907,0.2062,1,23,0,0,0,46,False,41,1,3981.79,9829.79
1777946083.8650808,3.441,95.0,20,23,0.1649,0.1712,1,23,0,0,0,46,False,18,1,3793.1,6098.1
1777946113.877196,2.526,100.0,12,21,0.0167,0.1679,3,18,3,0,0,39,False,14,0,3180.51,4193.4
1777946143.8896825,3.879,100.0,9,16,0.0325,0.1946,8,9,7,0,0,25,False,13,0,3891.06,6582.66
1777946173.9024413,3.473,91.3,46,24,0.2743,0.2286,0,20,4,0,0,44,False,50,5,4253.6,10010.22
1777946203.9148123,3.239,93.33,15,24,0.0836,0.1742,0,23,1,0,0,47,False,18,1,3641.74,7276.42
1777946233.9299657,1.422,100.0,2,15,0.0174,0.1816,9,13,2,0,0,28,False,5,0,2129.01,1514.43
1777946263.9431326,2.562,81.25,16,13,0.2088,0.1973,11,11,2,0,0,24,False,22,3,3496.21,10221.51
1777946293.956068,3.109,100.0,32,22,0.2036,0.2025,0,13,9,2,0,45,False,38,1,3549.84,8004.42
1777946323.9713721,4.416,86.96,23,24,0.1103,0.1646,0,20,4,0,0,44,False,26,4,5231.33,10178.63
1777946353.9856184,3.681,100.0,7,24,0.0515,0.1701,0,24,0,0,0,48,False,9,1,4103.64,7894.64
1777946383.9993868,3.26,100.0,16,13,0.1136,0.2048,11,12,1,0,0,25,False,18,2,4376.05,10278.78
1777946414.0120108,2.927,100.0,12,13,0.0593,0.1996,11,9,4,0,0,22,False,14,0,3685.43,6432.99
1777946444.0246105,2.904,66.67,9,13,0.0773,0.183,0,0,13,11,8,868,False,15,3,4343.13,10280.73
1777946474.0473301,5.367,80.49,41,24,0.1276,0.16,0,19,5,0,0,43,False,38,7,5880.85,10207.71
1777946504.0623996,2.561,100.0,15,24,0.0416,0.1713,0,23,1,0,0,47,False,13,0,2565.31,3543.24
1777946534.0763023,3.203,94.74,19,12,0.0618,0.2171,12,12,0,0,0,24,False,18,1,3171.4,5380.76
1777946564.0895326,3.547,100.0,2,12,0.0446,0.1933,12,7,5,0,0,19,False,5,0,2713.35,2305.95
1777946594.1029181,3.115,85.71,14,12,0.1425,0.1832,12,12,0,0,0,24,False,13,2,4474.56,10247.39
1777946624.1157784,3.274,100.0,28,24,0.1443,0.2246,0,19,5,0,0,43,False,40,7,5370.22,10071.88
1777946654.1287875,3.413,76.92,26,24,0.2001,0.1665,0,24,0,0,0,48,False,23,5,4833.21,10586.33
1777946684.141862,3.533,100.0,19,23,0.0856,0.1836,1,23,0,0,0,46,False,17,0,3562.64,6009.43
1777946714.155391,2.282,100.0,6,15,0.0225,0.1802,9,12,3,0,0,27,False,5,0,2286.16,2812.75
1777946744.1690938,3.494,100.0,14,14,0.0726,0.1859,10,14,0,0,0,28,False,14,0,3262.85,6156.09
1777946774.183967,2.231,100.0,4,14,0.0227,0.1853,10,7,7,0,0,21,False,10,0,2820.56,3645.24
1777946804.2004654,4.706,77.5,40,24,0.258,0.1602,0,13,11,0,0,37,False,36,8,5168.71,10068.18
1777946834.2154007,3.428,90.0,20,24,0.0911,0.1666,0,23,1,0,0,47,False,18,2,4054.12,10007.44
1777946864.229735,3.221,94.74,19,24,0.0719,0.1754,0,24,0,0,0,48,False,17,1,3627.98,8559.0
1777946894.2426832,2.977,82.35,17,18,0.1008,0.1976,6,17,1,0,0,35,False,16,4,4249.36,10419.29
1777946924.2559378,4.265,97.96,49,24,0.2922,0.212,0,23,1,0,0,47,False,44,4,4822.1,10337.47
1777946954.2687893,2.212,93.75,16,24,0.1041,0.1829,0,24,0,0,0,48,False,17,1,3252.95,8971.65
1777946984.2823365,0.0,0.0,1,14,0.0286,0.1876,10,14,0,0,0,28,False,2,1,6941.15,3875.94
1777947014.2959225,2.203,100.0,4,9,0.034,0.1926,15,3,6,0,0,12,False,9,0,2253.19,2751.15
1777947044.3084168,4.639,60.0,10,9,0.1337,0.184,15,5,4,0,0,14,False,12,4,6124.18,10383.79
1777947074.3227603,3.689,88.24,17,18,0.1302,0.1507,6,17,1,0,0,35,False,15,1,4561.81,10060.37
1777947104.3356838,4.093,88.89,54,24,0.3343,0.1884,0,18,6,0,0,42,False,47,5,4679.9,10497.29
1777947134.3484714,3.172,83.33,18,24,0.1205,0.1825,0,19,5,0,0,43,False,20,3,4490.03,10413.9
1777947164.3615396,3.883,100.0,15,24,0.0447,0.1731,0,24,0,0,0,48,False,14,0,3722.77,6120.02
1777947194.3781686,2.8,100.0,18,17,0.1422,0.1897,7,17,0,0,0,34,False,16,0,2710.65,5004.77
1777947224.392292,1.761,100.0,3,20,0.0298,0.2028,0,3,17,4,0,43,False,16,1,2752.78,4469.22
1777947254.4053962,4.654,80.0,35,24,0.1585,0.1596,0,24,0,0,0,48,False,30,6,5770.53,10304.91
1777947284.4195776,2.766,100.0,19,24,0.0837,0.1732,0,23,1,0,0,47,False,16,0,2771.48,4310.9
1777947314.4327652,3.216,100.0,16,14,0.1376,0.1941,10,13,1,0,0,27,False,18,0,3812.27,5705.51
1777947344.446304,3.557,100.0,19,13,0.1809,0.1942,11,11,2,0,0,24,False,17,0,3833.35,5824.16
1777947374.458795,2.372,93.33,15,13,0.0556,0.1846,1,0,13,10,9,963,False,24,1,3673.14,7651.02
1777947404.4820833,4.554,91.18,34,23,0.1243,0.1634,1,23,0,0,0,46,False,38,3,4542.64,10026.43
1777947434.4990106,1.828,100.0,4,23,0.0135,0.1622,1,23,0,0,0,46,False,6,0,1862.82,2297.62
1777947464.5116851,2.431,100.0,15,13,0.0621,0.181,11,13,0,0,0,26,False,14,0,2508.32,3999.19
1777947494.5245478,3.118,94.74,19,12,0.2113,0.1916,12,12,0,0,0,24,False,17,1,3447.88,6064.46
1777947524.5375485,2.6,100.0,8,12,0.029,0.1917,7,0,12,5,0,37,False,14,0,2551.27,3475.78
1777947554.5555403,4.823,81.58,38,24,0.1913,0.1623,0,24,0,0,0,48,False,33,6,5794.9,10147.89
1777947584.5681283,3.396,88.24,17,24,0.1012,0.1754,0,24,0,0,0,48,False,16,2,4125.48,10267.99
1777947614.5809705,3.718,100.0,16,18,0.1046,0.188,6,18,0,0,0,36,False,17,2,4804.79,10013.53
1777947644.5945854,2.588,100.0,14,15,0.1226,0.1849,9,15,0,0,0,30,False,17,1,3435.36,8875.79
1777947674.6067183,3.308,100.0,27,24,0.2118,0.2411,0,17,7,0,0,41,False,43,9,5814.95,10375.7
1777947704.624808,4.08,72.0,25,24,0.1731,0.1698,0,24,0,0,0,48,False,21,6,5786.58,10051.81
1777947734.6380944,4.146,94.74,19,24,0.1332,0.1841,0,24,0,0,0,48,False,17,1,4385.16,9397.65
1777947764.6552992,2.166,100.0,8,13,0.011,0.184,11,3,10,0,0,16,False,7,0,2170.44,2864.38
1777947794.6739192,4.409,66.67,6,13,0.1281,0.1825,11,13,0,0,0,26,False,13,2,4488.7,10081.36
1777947824.686109,4.535,87.5,56,24,0.3133,0.1877,0,21,3,0,0,45,False,47,6,5048.33,10274.54
1777947854.7006457,5.239,100.0,6,24,0.0723,0.1702,0,24,0,0,0,48,False,14,0,3523.29,5124.04
1777947884.7136815,3.564,94.12,17,22,0.0902,0.1879,2,21,1,0,0,43,False,16,1,4000.64,7073.89
1777947914.7286267,3.37,95.24,21,13,0.0682,0.1979,11,13,0,0,0,26,False,19,2,4124.75,10063.13
1777947944.7413306,3.388,100.0,32,24,0.0629,0.195,0,11,13,0,0,35,False,28,0,3328.18,5982.0
1777947974.7546453,4.115,86.96,23,24,0.1334,0.1726,0,23,1,0,0,47,False,33,3,4808.79,10245.55
1777948004.7679036,2.038,100.0,4,23,0.0178,0.1721,1,23,0,0,0,46,False,5,0,2303.39,3086.24
1777948034.7829897,2.551,93.33,15,11,0.0853,0.1833,13,11,0,0,0,22,False,15,1,2422.02,3866.0
1777948064.7973576,2.162,100.0,16,10,0.0638,0.1836,14,9,1,0,0,19,False,15,0,2470.32,3721.47
1777948094.8100972,1.608,100.0,3,10,0.0421,0.1836,14,10,0,0,0,20,False,4,0,2140.14,1755.31
1777948124.824623,4.59,82.35,51,24,0.4087,0.1744,0,23,1,0,0,47,False,43,8,5161.85,10160.17
1777948154.8381796,3.782,100.0,18,24,0.1311,0.1767,0,23,1,0,0,47,False,16,0,3936.48,6707.9
1777948184.8512254,2.775,100.0,20,21,0.1114,0.1879,3,21,0,0,0,42,False,19,0,2770.81,5438.25
1777948214.8643563,2.602,100.0,21,21,0.1036,0.1792,3,21,0,0,0,42,False,19,0,2563.2,3529.59
1777948244.8771384,3.67,85.11,47,24,0.1139,0.211,0,20,4,0,0,44,False,40,6,4242.58,10262.53
1777948274.8897138,2.334,100.0,16,24,0.0968,0.1817,0,22,2,0,0,46,False,18,3,4084.83,10106.05
1777948304.9019268,2.943,100.0,10,24,0.0121,0.1806,0,20,4,0,0,44,False,11,0,3322.56,6683.61
1777948334.918175,2.225,100.0,4,17,0.0156,0.1836,7,16,1,0,0,33,False,14,0,2377.81,4005.36
1777948364.9299536,2.748,75.0,12,17,0.1373,0.1905,7,17,0,0,0,34,False,16,3,4020.84,10470.12
1777948394.9430265,3.793,87.93,58,23,0.3739,0.1914,1,19,4,0,0,42,False,51,6,4530.77,10057.48
1777948424.955816,2.725,100.0,9,23,0.0651,0.175,1,23,0,0,0,46,False,13,0,3350.46,6018.21
1777948454.968714,2.447,100.0,16,20,0.0932,0.1756,4,20,0,0,0,40,False,15,0,2397.07,3582.56
1777948484.981046,3.012,95.24,21,15,0.2368,0.1886,9,15,0,0,0,30,False,18,1,3412.94,8343.27
1777948514.9942698,4.499,92.45,53,24,0.3282,0.1836,0,23,1,0,0,47,False,45,4,4334.5,9641.14
1777948545.0077355,2.823,100.0,18,24,0.0856,0.1727,0,24,0,0,0,48,False,16,0,2799.11,4071.77
1777948575.0213077,3.149,100.0,21,24,0.101,0.1852,0,24,0,0,0,48,False,18,0,3152.69,4726.73
1777948605.0333278,2.796,100.0,24,20,0.1123,0.1947,4,20,0,0,0,40,False,21,0,2794.9,5607.17
1777948635.0511925,3.297,95.83,48,24,0.1819,0.2093,0,23,1,0,0,47,False,42,1,3624.0,10205.83
1777948665.0653434,3.184,100.0,15,24,0.102,0.1734,0,24,0,0,0,48,False,17,0,3092.13,4977.88
1777948695.0805104,3.435,100.0,19,22,0.0813,0.1893,2,22,0,0,0,44,False,18,0,3255.8,7186.89
1777948725.0931256,1.954,100.0,2,13,0.0178,0.1832,11,12,1,0,0,25,False,3,0,2174.84,2005.67
1777948755.1061442,2.691,100.0,15,13,0.1285,0.1884,11,13,0,0,0,26,False,17,0,2499.56,4425.51
1777948785.1186073,4.624,95.56,45,24,0.1648,0.2406,0,20,4,0,0,44,False,39,2,4332.01,8875.75
1777948815.1315799,2.6,100.0,16,24,0.1211,0.1676,0,24,0,0,0,48,False,20,4,4248.99,11473.13
1777948845.1446977,2.036,100.0,7,15,0.0122,0.1833,9,14,1,0,0,29,False,7,0,1973.49,2847.56
1777948875.1573765,2.924,100.0,13,13,0.1308,0.1871,11,12,1,0,0,25,False,12,0,2943.0,4103.5
1777948905.1721609,2.518,95.0,20,13,0.1329,0.1977,11,13,0,0,0,26,False,17,1,2961.48,6457.4
1777948935.1846864,3.009,96.3,27,24,0.0545,0.2011,0,2,22,0,0,26,False,24,1,2832.3,5692.47
1777948965.197952,4.856,91.67,24,24,0.1638,0.1612,0,21,3,0,0,45,False,35,5,5838.72,10134.96
1777948995.211286,5.341,100.0,3,24,0.0141,0.1676,0,23,1,0,0,47,False,6,0,4753.76,5582.02
1777949025.2242844,3.861,93.75,16,16,0.1389,0.1824,8,16,0,0,0,32,False,16,1,4183.45,8464.05
1777949055.2364855,3.9,100.0,16,14,0.0553,0.2069,10,13,1,0,0,27,False,16,0,3964.49,6993.71
1777949085.2517793,1.746,80.0,5,13,0.0551,0.1822,11,13,0,0,0,26,False,5,1,3400.45,2212.92
1777949115.265441,4.739,79.59,49,24,0.2929,0.1695,0,24,0,0,0,48,False,44,9,5771.68,10983.95
1777949145.278174,3.868,100.0,18,24,0.1174,0.1686,0,24,0,0,0,48,False,16,0,3718.03,6673.58
1777949175.2905087,3.05,85.71,21,23,0.1048,0.18,1,21,2,0,0,44,False,18,3,4252.88,10216.95
1777949205.3032482,2.808,100.0,16,23,0.1167,0.1749,1,23,0,0,0,46,False,17,0,2701.9,5877.97
1777949235.3159206,1.472,100.0,2,13,0.0154,0.1897,11,9,4,0,0,22,False,2,0,1475.64,1455.34
1777949265.3315222,3.621,89.29,56,22,0.2847,0.1864,2,19,3,0,0,41,False,56,5,4025.42,10764.93
1777949295.344616,1.775,100.0,4,22,0.0562,0.1759,2,21,1,0,0,43,False,7,0,2235.35,2933.55
1777949325.3579648,2.594,100.0,18,16,0.1016,0.1891,8,16,0,0,0,32,False,16,0,2812.44,5452.03
1777949355.3718534,2.594,100.0,16,13,0.0765,0.2022,11,10,3,0,0,23,False,14,0,2598.13,3672.84
1777949385.386812,1.873,100.0,2,13,0.0588,0.1832,11,6,7,0,0,19,False,5,0,4099.15,4096.91
1777949415.3996964,4.018,92.86,42,17,0.3435,0.2017,7,16,1,0,0,33,False,44,3,4274.59,10330.72
1777949445.414384,3.712,90.0,20,17,0.1827,0.1868,7,17,0,0,0,34,False,17,2,4518.79,10022.38
1777949475.4274619,2.166,100.0,12,14,0.0156,0.1864,10,7,7,0,0,21,False,10,0,2169.98,3182.61
1777949505.4403098,2.526,33.33,6,11,0.1448,0.1909,13,4,7,0,0,15,False,9,4,6172.57,10223.01
1777949535.456781,4.062,100.0,12,11,0.2003,0.1841,13,10,1,0,0,21,False,17,0,3489.76,7993.07
1777949565.472676,4.68,78.46,65,24,0.4167,0.2041,0,24,0,0,0,48,False,59,12,5644.91,10377.59
1777949595.4861033,2.297,100.0,3,24,0.0422,0.1607,0,23,1,0,0,47,False,3,0,2301.57,2493.14
1777949625.4986472,3.524,93.75,16,10,0.1068,0.1955,14,10,0,0,0,20,False,16,1,3211.64,7645.48
1777949655.5129488,3.207,90.0,20,10,0.26,0.2015,14,10,0,0,0,20,False,18,2,3907.03,10005.49
1777949685.5258021,4.026,87.5,56,24,0.3945,0.1897,0,18,6,0,0,42,False,47,6,4173.01,10175.24
1777949715.5402694,2.815,83.33,12,24,0.0838,0.1685,0,24,0,0,0,48,False,15,2,3684.92,10264.36
1777949745.5534315,3.032,100.0,20,20,0.1101,0.174,4,20,0,0,0,40,False,18,0,2949.27,5511.69
1777949775.5661564,3.434,100.0,20,19,0.132,0.1892,5,16,3,0,0,35,False,18,0,3417.02,5408.99
1777949805.5791638,4.513,100.0,48,24,0.2549,0.1745,0,23,1,0,0,47,False,49,0,4049.49,8837.83
1777949835.59319,2.268,100.0,12,24,0.0563,0.1726,0,24,0,0,0,48,False,12,0,2141.23,3278.68
1777949865.6053061,3.036,100.0,18,12,0.0499,0.1914,12,10,2,0,0,22,False,16,0,2974.32,4078.99
1777949895.6172385,1.922,100.0,1,12,0.0146,0.1819,12,11,1,0,0,23,False,3,0,3631.33,3428.79
1777949925.6447344,2.432,100.0,18,12,0.0674,0.1942,12,11,1,0,0,23,False,16,0,2823.09,4481.56
1777949955.656789,2.168,100.0,19,12,0.0781,0.1823,12,4,8,0,0,16,False,19,0,2252.7,3963.92
1777949985.6762319,3.253,80.0,35,16,0.2511,0.1796,8,12,4,0,0,28,False,36,6,4121.0,10256.26
1777950015.6892285,2.46,100.0,4,16,0.0266,0.1789,8,16,0,0,0,32,False,9,0,3494.25,6699.63
1777950045.707794,2.368,100.0,12,12,0.0216,0.1937,12,6,6,0,0,18,False,11,0,2346.42,3245.72
1777950075.7231002,3.591,100.0,2,11,0.0843,0.1832,13,8,3,0,0,19,False,8,0,3608.51,3990.24
1777950105.7377079,3.72,100.0,18,11,0.1761,0.1831,13,6,5,0,0,17,False,17,0,3545.37,4888.7
1777950135.7539551,4.178,87.5,48,24,0.4373,0.2138,0,24,0,0,0,48,False,44,5,4702.16,10122.53
1777950165.7656858,3.03,90.91,22,24,0.1288,0.1678,0,22,2,0,0,46,False,19,2,3796.26,10263.55
1777950195.7801454,2.994,100.0,18,22,0.1187,0.1808,2,22,0,0,0,44,False,18,0,2909.69,4280.81
1777950225.7951412,2.833,100.0,19,20,0.0973,0.1984,4,20,0,0,0,40,False,16,0,2837.13,4493.91
1777950255.8082151,2.118,100.0,3,14,0.0132,0.1805,6,0,14,4,0,34,False,3,0,2121.66,1881.41
1777950285.828824,4.673,100.0,33,24,0.3086,0.1713,0,24,0,0,0,48,False,43,2,4019.75,8189.24
1777950315.8422832,2.912,84.21,19,24,0.087,0.1807,0,24,0,0,0,48,False,17,3,4189.24,10047.4
1777950345.8536625,2.666,88.89,18,18,0.1007,0.1939,6,18,0,0,0,36,False,17,2,3825.16,10007.96
1777950375.8662786,2.706,100.0,20,18,0.0615,0.1873,6,17,1,0,0,35,False,17,0,2710.82,7133.07
1777950405.880008,4.03,100.0,44,24,0.1415,0.2127,0,21,3,0,0,45,False,43,3,4608.36,10251.63
1777950435.892438,2.097,100.0,14,24,0.0513,0.1665,0,21,3,0,0,45,False,16,2,3590.74,10010.08
1777950465.9049642,1.468,100.0,4,24,0.0301,0.1709,0,23,1,0,0,47,False,7,0,2058.88,3092.36
1777950495.9234436,3.174,100.0,16,19,0.1123,0.1875,5,19,0,0,0,38,False,16,0,3012.89,6004.08
1777950525.93694,3.743,94.74,19,14,0.0892,0.2103,10,14,0,0,0,28,False,17,1,3977.54,9617.54
1777950555.9499762,3.267,94.44,36,17,0.1164,0.2016,7,6,11,0,0,23,False,34,2,3089.76,8028.55
1777950585.9630425,5.627,87.5,8,17,0.109,0.1771,7,14,3,0,0,31,False,16,1,4920.17,9628.11
1777950615.975863,3.499,100.0,16,17,0.1262,0.1803,7,13,4,0,0,30,False,18,0,3664.43,7532.28
1777950645.9960618,4.9,90.91,11,17,0.1309,0.1808,7,17,0,0,0,34,False,14,1,4592.15,8775.53
1777950676.0091639,3.689,100.0,18,17,0.1657,0.1845,7,16,1,0,0,33,False,15,0,3693.32,6187.94
1777950706.021667,2.966,100.0,6,11,0.0027,0.1833,1,0,11,12,10,1071,False,11,0,3732.84,6347.19
1777950736.0389955,4.863,78.79,33,24,0.2504,0.1628,0,11,13,0,0,35,False,37,5,5183.24,10348.19
1777950766.0518246,4.716,75.0,8,24,0.0755,0.1667,0,24,0,0,0,48,False,16,2,4534.62,10047.42
1777950796.0661383,2.543,100.0,14,17,0.0344,0.1827,7,15,2,0,0,32,False,15,0,2628.58,3434.17
1777950826.0781682,3.194,100.0,18,11,0.0599,0.1885,13,10,1,0,0,21,False,18,0,3336.84,6080.3
1777950856.0912237,2.911,91.3,23,20,0.1334,0.1885,0,9,11,4,0,49,False,24,2,3738.73,10034.88
1777950886.1057558,3.762,100.0,36,24,0.1918,0.1753,0,24,0,0,0,48,False,39,0,3741.02,8791.8
1777950916.1191216,2.079,100.0,7,24,0.0173,0.1672,0,24,0,0,0,48,False,7,0,1968.16,1973.58
1777950946.1314607,3.888,100.0,13,13,0.0877,0.1773,11,13,0,0,0,26,False,12,0,3700.73,7007.89
1777950976.1445842,4.324,94.74,19,12,0.1362,0.2095,12,11,1,0,0,23,False,17,1,4551.24,8606.1
1777951006.1566567,3.779,100.0,16,17,0.0681,0.1784,0,3,14,7,0,55,False,21,1,3725.68,6398.37
1777951036.1723936,3.206,61.29,31,24,0.2245,0.1651,0,22,2,0,0,46,False,37,10,5647.81,10385.51
1777951066.1845646,2.878,87.5,8,24,0.0544,0.17,0,23,1,0,0,47,False,9,1,3659.1,4030.4
1777951096.19797,3.925,100.0,16,18,0.1034,0.1811,6,18,0,0,0,36,False,15,0,3860.71,9398.17
1777951126.211596,4.612,85.71,21,17,0.2224,0.2007,7,17,0,0,0,34,False,18,3,5558.1,10192.74
1777951156.2239652,4.736,88.89,54,24,0.3651,0.1856,0,20,4,0,0,44,False,48,5,5218.44,10514.58
1777951186.2401068,4.019,90.91,11,24,0.1427,0.1725,0,18,6,0,0,42,False,17,1,4309.59,7296.73
1777951216.2528465,3.888,100.0,13,19,0.09,0.1792,5,14,5,0,0,33,False,19,0,3568.35,8809.57
1777951246.26485,3.902,80.0,10,19,0.1372,0.1836,5,18,1,0,0,37,False,13,3,5206.28,10174.31
1777951276.277601,3.165,96.0,25,24,0.0337,0.1946,0,14,10,0,0,38,False,32,2,3774.68,8330.25
1777951306.293815,3.582,90.48,21,24,0.1135,0.1855,0,24,0,0,0,48,False,29,5,4845.2,10347.16
1777951336.306675,2.758,100.0,2,23,0.0275,0.1697,1,22,1,0,0,45,False,2,0,2762.46,1604.08
1777951366.318677,3.592,100.0,19,14,0.2325,0.1997,10,14,0,0,0,28,False,18,0,3725.18,5710.92
1777951396.3319902,2.888,100.0,20,14,0.1156,0.1972,10,14,0,0,0,28,False,18,0,2842.96,4387.85
1777951426.3447027,2.848,100.0,12,14,0.0251,0.1819,5,1,13,5,0,40,False,12,0,2742.78,3908.77
1777951456.358446,4.859,78.0,50,24,0.4047,0.1688,0,24,0,0,0,48,False,52,9,5593.55,10387.36
1777951486.370549,2.572,100.0,16,24,0.0699,0.1753,0,24,0,0,0,48,False,15,0,2511.05,3852.68
1777951516.3893783,2.384,100.0,20,16,0.0406,0.1814,8,15,1,0,0,31,False,18,0,2366.09,4027.74
1777951546.4021487,4.092,100.0,25,24,0.0779,0.1895,0,6,18,0,0,30,False,27,0,4762.34,9599.24
1777951576.4166057,3.162,78.95,19,24,0.1133,0.1721,0,21,3,0,0,45,False,31,5,4423.03,10201.57
1777951606.4310088,2.793,93.75,16,24,0.0443,0.1741,0,21,3,0,0,45,False,19,1,3721.35,9388.13
1777951636.4442058,2.4,100.0,10,24,0.0319,0.1755,0,20,4,0,0,44,False,16,0,3173.85,6158.65
1777951666.456477,2.663,100.0,3,16,0.0378,0.1782,8,16,0,0,0,32,False,6,0,3218.59,4104.64
1777951696.4692981,4.16,86.67,45,24,0.2286,0.2489,0,21,3,0,0,45,False,41,7,5042.74,10662.97
1777951726.4827745,2.797,94.12,17,24,0.0958,0.1582,0,23,1,0,0,47,False,18,2,4048.77,10034.92
1777951756.494768,5.74,100.0,2,15,0.0151,0.1749,9,15,0,0,0,30,False,3,0,4605.02,3578.6
1777951786.5078573,2.498,100.0,18,12,0.0795,0.1899,12,11,1,0,0,23,False,16,0,2589.59,4179.5
1777951816.520755,3.793,100.0,4,12,0.0708,0.1901,12,12,0,0,0,24,False,6,0,4185.8,5478.89
1777951846.53309,3.718,100.0,14,12,0.1406,0.2031,0,0,12,12,12,1472,True,20,0,3413.3,7158.63
1777951876.5496917,5.737,60.38,53,24,0.3366,0.1882,0,24,0,0,0,48,False,54,18,6909.81,10313.76
1777951906.5621507,2.132,100.0,4,24,0.0262,0.1638,0,23,1,0,0,47,False,5,0,2577.98,2657.03
1777951936.5765731,5.26,76.92,13,13,0.1202,0.2055,11,9,4,0,0,22,False,16,3,4713.58,10121.47
1777951966.591887,3.284,100.0,13,13,0.1224,0.1951,11,13,0,0,0,26,False,17,0,3271.76,4939.41
1777951996.6071167,4.28,65.38,52,24,0.3503,0.1775,0,23,1,0,0,47,False,45,15,6267.43,10649.58
1777952026.6204429,3.025,100.0,16,24,0.1318,0.1729,0,24,0,0,0,48,False,16,0,2970.63,6143.36
1777952056.6339166,4.17,100.0,6,13,0.0029,0.1835,11,12,1,0,0,25,False,5,0,4174.23,5077.71
1777952086.6460133,3.711,100.0,16,13,0.1505,0.1897,11,13,0,0,0,26,False,14,0,3714.6,7160.89
1777952116.6585984,3.506,80.0,20,13,0.2097,0.1975,11,13,0,0,0,26,False,18,4,5002.8,10282.94
1777952146.6719658,4.276,88.24,34,24,0.2019,0.2079,0,19,5,0,0,43,False,39,13,6168.25,10585.64
1777952176.6852696,3.817,95.45,22,24,0.2015,0.1835,0,24,0,0,0,48,False,23,5,5629.3,10291.91
1777952206.6984963,3.426,94.74,19,24,0.1493,0.178,0,23,1,0,0,47,False,17,1,3716.13,8849.04
1777952236.7101917,2.861,100.0,25,24,0.1467,0.1771,0,21,3,0,0,45,False,25,0,2791.26,6259.22
1777952266.7227366,3.56,100.0,38,24,0.2511,0.1775,0,19,5,0,0,43,False,40,0,3327.0,6220.5
1777952296.7415068,3.279,100.0,12,24,0.0932,0.181,0,24,0,0,0,48,False,15,0,3553.43,5655.46
1777952326.7602034,3.14,88.89,9,15,0.0157,0.1821,9,11,4,0,0,26,False,14,1,2903.7,4782.29
1777952356.7798557,6.043,100.0,3,15,0.0694,0.1821,9,13,2,0,0,28,False,6,0,4507.76,5931.35
1777952386.7941449,3.002,88.24,17,13,0.1357,0.1953,11,12,1,0,0,25,False,16,2,4024.15,10007.03
1777952416.8156216,3.657,97.14,35,24,0.1158,0.1933,0,19,5,0,0,43,False,40,1,3944.99,7285.48
1777952446.8273678,2.589,87.5,16,24,0.0887,0.1598,0,24,0,0,0,48,False,21,2,4363.64,10290.23
1777952476.8389843,1.585,100.0,2,21,0.0548,0.1678,3,21,0,0,0,42,False,2,0,1588.67,1573.73
1777952506.8533878,2.788,100.0,18,13,0.0689,0.1827,11,13,0,0,0,26,False,17,0,2952.74,5386.69
1777952536.8669536,1.438,100.0,2,11,0.0238,0.1887,13,9,2,0,0,20,False,2,0,1441.49,1309.0
1777952566.8795557,3.421,100.0,18,11,0.2271,0.1955,13,9,2,0,0,20,False,17,0,3409.23,5915.83
1777952596.8992946,4.143,83.33,54,24,0.3942,0.1846,0,24,0,0,0,48,False,46,7,4531.97,10153.24
1777952626.9113402,3.424,100.0,33,24,0.1237,0.1707,0,22,2,0,0,46,False,31,0,3557.19,8093.56
1777952656.9298916,2.554,90.0,20,24,0.085,0.171,0,24,0,0,0,48,False,19,2,3456.8,10210.83
1777952686.9420178,3.278,100.0,3,19,0.0274,0.1741,5,16,3,0,0,35,False,3,0,3281.52,4063.15
1777952716.9547944,4.567,63.46,52,24,0.3303,0.1822,0,24,0,0,0,48,False,47,16,5937.85,11224.1
1777952746.969031,3.146,93.33,15,24,0.0804,0.1795,0,24,0,0,0,48,False,14,1,3530.28,6009.1
1777952776.9816573,2.874,100.0,16,19,0.0443,0.189,5,19,0,0,0,38,False,17,3,4216.67,10598.42
1777952806.9944572,2.972,100.0,19,19,0.063,0.1872,5,17,2,0,0,36,False,17,1,3395.34,7462.91
1777952837.0071018,3.47,100.0,33,24,0.0679,0.1919,0,15,9,0,0,39,False,37,0,4023.78,8990.99
1777952867.0211284,3.35,100.0,19,24,0.1317,0.1692,0,21,3,0,0,45,False,23,2,4844.75,10139.25
1777952897.0352921,5.142,75.0,4,19,0.05,0.1728,5,19,0,0,0,38,False,6,1,5363.33,5170.37
1777952927.0480683,3.1,100.0,19,13,0.1714,0.1891,11,13,0,0,0,26,False,16,0,3104.23,6104.64
1777952957.061781,3.772,94.12,34,24,0.1886,0.2056,0,13,11,0,0,37,False,37,7,3753.24,10043.17
1777952987.0744927,3.763,96.43,28,24,0.2148,0.1718,0,18,6,0,0,42,False,33,1,4016.38,9400.01
1777953017.0880444,3.572,100.0,4,24,0.0618,0.1707,0,24,0,0,0,48,False,10,1,6200.53,9786.43
1777953047.10097,3.143,100.0,19,24,0.0726,0.1809,0,24,0,0,0,48,False,16,0,3146.77,5686.26
1777953077.112869,3.087,100.0,21,23,0.0846,0.1857,1,22,1,0,0,45,False,18,0,3094.63,5762.02
1777953107.1274903,3.623,92.45,53,23,0.3123,0.2001,1,23,0,0,0,46,False,47,4,4125.22,10849.26
1777953137.1396744,3.271,100.0,15,23,0.0856,0.1832,1,23,0,0,0,46,False,14,0,3182.45,4963.22
1777953167.153092,2.955,100.0,20,18,0.0072,0.1856,6,18,0,0,0,36,False,18,0,3020.51,4855.51
1777953197.1654913,2.154,100.0,20,18,0.1019,0.1794,6,18,0,0,0,36,False,18,0,2116.1,4408.26
1777953227.1786063,3.05,100.0,45,24,0.0559,0.2018,0,19,5,0,0,43,False,40,0,3247.58,6174.93
1777953257.192665,2.687,90.0,20,24,0.1505,0.1725,0,23,1,0,0,47,False,20,3,4444.89,10178.43
1777953287.2049098,3.119,100.0,2,17,0.0127,0.1809,7,12,5,0,0,29,False,4,0,3887.13,5008.81
1777953317.2185314,3.289,81.25,16,17,0.1312,0.1898,7,16,1,0,0,33,False,17,3,4429.19,10278.28
1777953347.2305393,3.293,100.0,21,17,0.1641,0.1917,7,17,0,0,0,34,False,19,0,3229.17,5982.39
1777953377.2442865,3.571,88.57,35,24,0.1097,0.2079,0,16,8,0,0,40,False,35,5,4992.07,10175.18
1777953407.2556005,3.183,83.33,18,24,0.2094,0.1865,0,23,1,0,0,47,False,23,9,6239.7,10657.6
1777953437.2682931,1.817,100.0,2,19,0.0526,0.1746,5,17,2,0,0,36,False,3,1,5331.32,1940.7
1777953467.2808712,3.468,100.0,20,14,0.169,0.1818,10,14,0,0,0,28,False,19,0,3698.8,8184.81
1777953497.2953162,2.829,100.0,18,13,0.1298,0.1817,11,13,0,0,0,26,False,16,0,2843.0,4914.62
1777953527.3109658,2.989,100.0,8,24,0.0325,0.1818,0,15,9,0,0,39,False,19,2,2907.01,5044.4
1777953557.3273149,4.046,85.0,40,24,0.2214,0.1883,0,24,0,0,0,48,False,42,5,4803.43,10145.3
1777953587.3408947,2.296,100.0,9,24,0.0278,0.1739,0,16,8,0,0,40,False,8,0,2300.42,3913.55
1777953617.3545716,2.576,100.0,8,18,0.0325,0.1832,6,18,0,0,0,36,False,15,0,2482.8,4703.94
1777953647.366818,2.895,100.0,15,15,0.058,0.1888,9,15,0,0,0,30,False,13,0,2898.23,5807.99
1777953677.381792,1.574,100.0,4,11,0.02,0.1835,9,2,9,4,0,33,False,7,0,1707.63,2058.98
1777953707.39535,3.754,82.98,47,22,0.3258,0.1708,2,13,9,0,0,35,False,46,7,3940.79,10334.26
1777953737.4086573,2.681,100.0,16,22,0.0626,0.1689,2,20,2,0,0,42,False,23,0,2722.52,4724.8
1777953767.4427843,3.006,100.0,8,19,0.0551,0.1714,5,19,0,0,0,38,False,8,0,2907.53,4572.43
1777953797.461816,2.289,100.0,18,15,0.1053,0.1914,9,15,0,0,0,30,False,15,0,2293.11,3619.12
1777953827.4740314,3.359,81.25,48,24,0.1933,0.2422,0,24,0,0,0,48,False,45,10,4044.76,10293.4
1777953857.4878988,2.751,100.0,9,24,0.0602,0.1595,0,23,1,0,0,47,False,11,0,3281.62,4791.73
1777953887.5003066,3.36,100.0,7,14,0.0387,0.1768,10,13,1,0,0,27,False,7,0,3121.01,3608.19
1777953917.514675,2.348,100.0,19,14,0.06,0.1866,10,14,0,0,0,28,False,17,0,2305.96,5588.02
1777953947.5267365,2.0,100.0,14,14,0.0309,0.1886,10,12,2,0,0,26,False,15,0,2402.77,4485.35
1777953977.5387118,4.824,100.0,6,11,0.0538,0.1833,13,9,2,0,0,20,False,6,0,4290.12,7779.04
1777954007.5522854,3.632,76.0,50,24,0.4321,0.2119,0,23,1,0,0,47,False,43,10,4929.2,10530.89
1777954037.5653758,4.195,94.74,19,24,0.1581,0.1721,0,24,0,0,0,48,False,17,1,4463.53,9472.09
1777954067.579928,3.568,100.0,20,24,0.1097,0.1911,0,23,1,0,0,47,False,17,0,3571.2,6323.87
1777954097.5923774,2.79,100.0,18,17,0.0242,0.1811,7,17,0,0,0,34,False,17,0,2951.24,5007.63
1777954127.6068618,3.987,50.0,2,11,0.0435,0.1834,13,8,3,0,0,19,False,3,1,2825.69,2959.14
1777954157.6220124,4.881,74.0,50,24,0.3267,0.1576,0,20,4,0,0,44,False,47,11,5192.77,10404.0
1777954187.6348605,4.222,100.0,13,24,0.0839,0.163,0,24,0,0,0,48,False,14,0,4019.81,6638.02
1777954217.647355,2.495,100.0,12,16,0.0258,0.1784,8,14,2,0,0,30,False,15,0,2688.99,4984.86
1777954247.659421,3.343,90.0,10,15,0.0491,0.1851,9,9,6,0,0,24,False,13,1,3620.19,8815.15
1777954277.6728168,4.282,100.0,9,15,0.0553,0.1891,9,14,1,0,0,29,False,11,0,4422.76,6887.95
1777954307.6849113,3.801,83.64,55,24,0.2908,0.1741,0,17,7,0,0,41,False,49,8,3834.39,10294.12
1777954337.6974187,5.487,85.71,7,24,0.0672,0.1714,0,24,0,0,0,48,False,10,1,5303.67,7395.75
1777954367.7095246,2.65,100.0,20,15,0.0499,0.1842,9,15,0,0,0,30,False,17,0,2653.92,4022.85
1777954397.7238255,1.437,100.0,2,12,0.0165,0.1825,12,10,2,0,0,22,False,7,0,2483.28,4255.35
1777954427.7356472,2.708,100.0,10,12,0.1393,0.189,12,12,0,0,0,24,False,11,0,3041.48,4418.33
1777954457.7498388,3.563,100.0,4,12,0.059,0.189,12,9,3,0,0,21,False,4,0,3567.62,3744.23
1777954487.7639062,3.585,80.43,46,24,0.3173,0.1674,0,22,2,0,0,46,False,41,8,3859.1,10268.18
1777954517.784144,2.3,100.0,16,24,0.0407,0.1643,0,24,0,0,0,48,False,16,0,2562.24,4972.22
1777954547.797579,3.173,50.0,2,11,0.0241,0.1834,14,10,0,0,0,20,False,3,1,2449.88,3177.32
1777954577.8116457,3.262,83.33,18,10,0.213,0.2031,14,10,0,0,0,20,False,17,3,4369.43,10128.8
1777954607.8250856,2.939,88.89,18,10,0.2725,0.212,14,10,0,0,0,20,False,16,2,3834.63,10023.36
1777954637.8426955,3.661,89.19,37,24,0.09,0.2067,0,17,7,0,0,41,False,39,6,3947.66,10150.67
1777954667.8560445,3.06,86.96,23,24,0.1841,0.1663,0,24,0,0,0,48,False,25,3,4553.23,10164.0
1777954697.8684502,2.862,100.0,18,21,0.0318,0.1734,3,21,0,0,0,42,False,17,0,3527.83,7228.59
1777954727.8814216,2.391,100.0,3,11,0.005,0.1827,13,7,4,0,0,18,False,5,0,2382.22,3038.38
1777954757.8958046,4.601,100.0,18,11,0.2117,0.1917,13,11,0,0,0,22,False,15,0,4604.56,8445.07
1777954787.9279263,3.455,72.55,51,24,0.3885,0.1831,0,17,7,0,0,41,False,44,12,4368.62,10570.58
1777954817.940757,2.958,100.0,15,24,0.1322,0.1666,0,24,0,0,0,48,False,17,0,2798.63,4639.54
1777954847.9529395,2.17,100.0,8,18,0.0085,0.1744,6,12,6,0,0,30,False,11,0,2656.55,4273.71
1777954877.966128,4.135,80.0,15,15,0.1034,0.1871,9,9,6,0,0,24,False,15,3,5092.7,10165.93
1777954907.9820101,3.771,100.0,8,15,0.0861,0.1795,9,14,1,0,0,29,False,10,0,3476.73,5522.07
1777954937.9955788,4.112,83.33,48,24,0.2849,0.2354,0,21,3,0,0,45,False,46,10,5368.89,10470.86
1777954968.009247,2.703,100.0,15,24,0.1483,0.1662,0,24,0,0,0,48,False,16,0,2910.94,5631.65
1777954998.02193,2.527,100.0,14,22,0.0307,0.1806,2,21,1,0,0,43,False,16,0,2885.44,5081.74
1777955028.0348117,4.409,100.0,2,16,0.0291,0.1834,8,10,6,0,0,26,False,5,0,3855.7,6977.9
1777955058.049057,5.165,82.35,17,16,0.162,0.1932,8,10,6,0,0,26,False,16,3,5937.15,10491.8
1777955088.0622354,4.834,92.0,50,24,0.3116,0.1773,0,23,1,0,0,47,False,48,4,5001.97,10398.55
1777955118.074717,2.709,100.0,13,24,0.0697,0.1704,0,23,1,0,0,47,False,12,0,2603.43,3854.21
1777955148.0879595,3.09,95.45,22,19,0.0881,0.1776,5,19,0,0,0,38,False,19,1,3338.09,5318.47
1777955178.1053333,3.536,93.75,16,17,0.038,0.1887,7,17,0,0,0,34,False,16,2,4643.48,10006.21
1777955208.1209946,1.591,50.0,2,9,0.0028,0.1841,15,9,0,0,0,18,False,4,1,1697.88,1847.25
1777955238.1334438,4.026,68.75,48,24,0.3975,0.2278,0,24,0,0,0,48,False,44,15,5164.73,10253.8
1777955268.1455216,3.275,94.12,17,24,0.1414,0.168,0,23,1,0,0,47,False,15,1,3739.27,9967.99
1777955298.1589384,3.685,100.0,21,23,0.1183,0.1813,1,23,0,0,0,46,False,19,1,4051.44,8762.62
1777955328.1745074,2.478,100.0,18,19,0.0464,0.1736,5,18,1,0,0,37,False,15,0,2481.41,4710.22
1777955358.190818,4.039,100.0,4,14,0.033,0.1845,10,1,13,0,0,15,False,6,0,3516.95,5269.62
1777955388.2055614,4.198,88.46,52,24,0.2963,0.1727,0,19,5,0,0,43,False,52,5,4551.74,10137.41
1777955418.2189581,3.512,100.0,7,24,0.0887,0.1625,0,24,0,0,0,48,False,7,0,3413.1,4389.2
1777955448.2324328,2.24,95.0,20,15,0.1005,0.1884,9,14,1,0,0,29,False,17,1,2339.17,3742.58
1777955478.2442875,3.406,94.74,19,11,0.127,0.1892,13,10,1,0,0,21,False,18,2,4046.09,10141.21
1777955508.2566226,4.27,92.31,52,24,0.2883,0.1664,0,24,0,0,0,48,False,47,4,4034.49,8845.71
1777955538.2701917,3.579,100.0,16,24,0.0347,0.1717,0,24,0,0,0,48,False,15,0,3441.31,6603.56
1777955568.2822032,2.843,100.0,4,17,0.0167,0.1763,7,15,2,0,0,32,False,7,0,2938.99,5087.7
1777955598.295166,2.599,100.0,12,16,0.1107,0.1755,8,9,7,0,0,25,False,16,0,2609.53,5012.44
1777955628.307609,3.865,66.67,18,16,0.1316,0.194,8,14,2,0,0,30,False,19,5,5277.36,10450.19
1777955658.3203998,4.207,93.33,45,24,0.3484,0.1835,0,19,5,0,0,43,False,45,3,4285.36,10022.83
1777955688.3338695,2.965,90.91,11,24,0.0791,0.1632,0,24,0,0,0,48,False,12,1,3719.58,8586.47
1777955718.346945,2.132,92.31,13,16,0.0298,0.1872,8,11,5,0,0,27,False,12,1,2019.8,3229.67
1777955748.3587017,3.203,100.0,9,12,0.0872,0.1823,12,7,5,0,0,19,False,12,0,2959.84,4323.53
1777955778.3717327,4.377,83.33,12,12,0.2105,0.1889,12,10,2,0,0,22,False,13,2,5050.5,10174.55
1777955808.3849363,4.639,76.0,50,22,0.3586,0.2074,2,20,2,0,0,42,False,45,10,5691.19,10270.53
1777955838.397565,3.296,100.0,18,22,0.1716,0.1833,2,21,1,0,0,43,False,15,0,3299.62,6164.2
1777955868.4102705,3.6,100.0,20,20,0.0916,0.1897,4,20,0,0,0,40,False,19,0,3428.89,6391.77
1777955898.422909,3.618,88.24,17,20,0.1154,0.1894,4,19,1,0,0,39,False,16,2,4617.45,10043.11
1777955928.4351249,3.687,100.0,4,15,0.0133,0.1806,0,0,15,9,0,60,False,9,0,3180.63,4295.89
1777955958.4504545,4.344,76.19,42,24,0.332,0.1881,0,23,1,0,0,47,False,41,9,5430.89,10250.08
1777955988.463075,3.606,100.0,15,24,0.0749,0.1744,0,23,1,0,0,47,False,13,0,3609.62,6929.99
1777956018.4974215,3.029,100.0,18,19,0.0582,0.1829,5,19,0,0,0,38,False,18,0,3070.47,5242.45
1777956048.5088592,1.681,100.0,2,16,0.0156,0.1852,8,15,1,0,0,31,False,5,0,1723.11,1811.72
1777956078.5217578,3.507,100.0,14,12,0.1521,0.1944,12,12,0,0,0,24,False,14,0,3704.54,5949.35
1777956108.534924,3.929,91.84,49,24,0.3127,0.2077,0,24,0,0,0,48,False,45,6,4435.29,10231.37
1777956138.5470293,2.729,100.0,18,24,0.0919,0.167,0,24,0,0,0,48,False,16,0,2739.49,5340.75
1777956168.5626075,1.977,100.0,19,21,0.0211,0.1672,3,21,0,0,0,42,False,18,1,2326.59,4229.78
1777956198.575284,2.427,100.0,19,19,0.0241,0.177,5,17,2,0,0,36,False,16,0,2431.45,3447.85
1777956228.5885706,4.072,100.0,2,11,0.0288,0.1833,13,11,0,0,0,22,False,4,0,4913.08,6263.84
1777956258.6012893,4.858,64.71,51,24,0.3209,0.2442,0,23,1,0,0,47,False,43,15,6724.12,10267.03
1777956288.6142194,3.216,100.0,16,24,0.1294,0.1675,0,24,0,0,0,48,False,17,0,3336.32,6471.58
1777956318.629051,3.877,75.0,4,14,0.0326,0.1722,10,11,3,0,0,25,False,9,1,3022.23,5670.69
1777956348.6406841,3.405,100.0,14,14,0.1061,0.1762,10,14,0,0,0,28,False,13,0,3238.24,8109.49
1777956378.653227,2.374,100.0,18,14,0.1156,0.187,10,14,0,0,0,28,False,16,0,2337.46,3694.78
1777956408.6661773,3.672,100.0,51,18,0.2742,0.1932,6,18,0,0,0,36,False,45,0,3579.42,8968.87
1777956438.678394,3.207,100.0,18,18,0.1159,0.1882,6,17,1,0,0,35,False,15,0,3210.45,6329.23
1777956468.6904109,3.197,100.0,10,17,0.0529,0.1767,7,16,1,0,0,33,False,13,0,2826.65,4970.83
1777956498.703292,2.971,100.0,13,11,0.0906,0.1898,10,3,8,3,0,29,False,14,0,2760.85,4978.9
1777956528.7161896,3.72,92.59,27,24,0.1991,0.1902,0,12,12,0,0,36,False,40,2,4241.22,10159.75
1777956558.731174,4.736,90.32,31,24,0.2913,0.1695,0,23,1,0,0,47,False,28,3,5371.38,11269.98
1777956588.743549,2.146,100.0,2,24,0.0123,0.1711,0,23,1,0,0,47,False,4,0,2829.83,2599.08
1777956618.7594538,3.392,100.0,18,11,0.1611,0.1991,13,11,0,0,0,22,False,16,0,3303.17,5546.77
1777956648.77158,4.192,100.0,19,11,0.1154,0.2005,13,11,0,0,0,22,False,17,0,4031.69,9748.25
1777956678.7840433,3.82,98.0,50,24,0.1139,0.2137,0,24,0,0,0,48,False,46,3,4334.12,10261.72
1777956708.79647,3.318,100.0,18,24,0.1198,0.1813,0,24,0,0,0,48,False,15,0,3322.63,6998.32
1777956738.8088636,1.718,100.0,8,20,0.0103,0.1803,4,20,0,0,0,40,False,13,0,1991.35,3367.6
1777956768.823385,3.285,87.5,8,15,0.1039,0.1853,9,9,6,0,0,24,False,9,1,3043.02,3106.01
1777956798.838307,3.264,95.45,22,15,0.184,0.1881,9,5,10,0,0,20,False,30,1,3556.24,6677.65
1777956828.852125,3.499,100.0,46,24,0.2549,0.1754,0,22,2,0,0,46,False,44,0,3406.31,7343.31
1777956858.8658197,3.934,100.0,4,24,0.0326,0.1634,0,19,5,0,0,43,False,14,0,2877.64,4370.48
1777956888.8774216,2.756,100.0,7,16,0.0601,0.1803,8,16,0,0,0,32,False,9,0,2537.28,3614.76
1777956918.890715,3.754,93.75,16,13,0.0496,0.1913,11,12,1,0,0,25,False,16,2,4542.69,10045.51
1777956948.902556,5.353,84.62,52,24,0.34,0.1943,0,23,1,0,0,47,False,48,6,5984.14,10371.2
1777956978.914767,5.16,85.71,14,24,0.1313,0.1765,0,24,0,0,0,48,False,14,2,5421.54,10185.73
1777957008.9270687,3.457,50.0,2,18,0.0123,0.1758,6,13,5,0,0,31,False,9,1,3321.88,4260.39
1777957038.9410126,4.12,100.0,10,16,0.1476,0.1802,8,15,1,0,0,31,False,11,0,4103.54,4910.91
1777957068.9553237,3.163,100.0,18,16,0.1642,0.1861,8,16,0,0,0,32,False,16,0,3054.29,5702.25
1777957098.9674182,4.764,92.45,53,24,0.2203,0.2325,0,21,3,0,0,45,False,48,4,5078.31,10242.39
1777957128.9806938,3.296,100.0,16,24,0.1159,0.1713,0,24,0,0,0,48,False,15,0,3176.55,6684.2
1777957158.9938316,2.363,100.0,3,13,0.0294,0.1829,11,9,4,0,0,22,False,6,0,2890.48,4156.92
1777957189.0065928,2.866,100.0,15,12,0.1184,0.1941,12,12,0,0,0,24,False,16,0,2886.9,4974.91
1777957219.0188925,4.275,100.0,14,12,0.1419,0.1973,12,12,0,0,0,24,False,13,0,4103.68,7391.65
1777957249.0320406,2.2,100.0,8,17,0.0356,0.1878,2,2,15,5,0,44,False,17,0,3322.14,4961.35
1777957279.0492315,5.415,81.82,33,22,0.2319,0.1654,2,18,4,0,0,40,False,29,5,6238.98,10202.41
1777957309.0628889,2.805,100.0,19,22,0.1174,0.1631,2,22,0,0,0,44,False,18,0,2673.53,4376.19
1777957339.0777292,2.96,100.0,19,17,0.0837,0.1844,7,17,0,0,0,34,False,16,0,2963.93,5047.99
1777957369.0898995,3.228,100.0,2,15,0.0269,0.1773,9,10,5,0,0,25,False,4,0,3280.18,3700.55
1777957399.1048186,3.231,100.0,21,24,0.2154,0.1905,0,2,22,0,0,26,False,37,4,3273.67,6094.79
1777957429.1183968,4.315,63.16,38,24,0.2367,0.1602,0,23,1,0,0,47,False,38,14,6644.89,10728.08
1777957459.1317954,1.991,100.0,4,24,0.0636,0.1615,0,22,2,0,0,46,False,5,0,2309.26,3267.38
1777957489.1491573,2.345,100.0,18,14,0.0988,0.1767,10,2,12,0,0,16,False,17,0,2283.87,4156.44
1777957519.163073,4.626,100.0,20,14,0.1315,0.1805,10,6,8,0,0,20,False,21,0,4193.59,8505.61
1777957549.178123,3.916,74.51,51,24,0.3081,0.1783,0,21,3,0,0,45,False,52,11,5072.46,10492.34
1777957579.190921,2.447,80.0,5,24,0.0782,0.1706,0,22,2,0,0,46,False,11,1,2998.93,4839.03
1777957609.2046778,2.821,100.0,14,19,0.0964,0.1753,5,17,2,0,0,36,False,12,0,2824.75,4883.65
1777957639.216773,4.084,88.89,18,16,0.226,0.1938,8,15,1,0,0,31,False,17,2,5019.76,10130.55
1777957669.2293196,3.45,93.88,49,24,0.3622,0.192,0,23,1,0,0,47,False,45,4,4227.63,10060.78
1777957699.2422283,4.066,88.89,18,24,0.1318,0.1841,0,24,0,0,0,48,False,17,2,4653.75,10062.78
1777957729.2557788,6.105,100.0,2,14,0.0094,0.1818,10,4,10,0,0,18,False,2,0,6108.75,3991.2
1777957759.270013,4.011,100.0,20,13,0.1744,0.1827,11,9,4,0,0,22,False,17,0,4016.47,8104.5
1777957789.2832935,3.486,100.0,20,13,0.2208,0.1916,11,13,0,0,0,26,False,18,0,3421.2,6998.68
1777957819.2965517,3.829,94.74,38,24,0.0874,0.1988,0,22,2,0,0,46,False,42,2,3765.13,9354.78
1777957849.3099282,3.671,100.0,21,24,0.1171,0.1682,0,23,1,0,0,47,False,18,0,3674.1,6781.81
1777957879.3237603,3.305,100.0,12,21,0.053,0.1842,3,19,2,0,0,40,False,13,0,3034.9,5929.1
1777957909.3385968,3.503,100.0,7,18,0.0705,0.1805,6,14,4,0,0,32,False,10,0,3096.46,5059.73
1777957939.3516805,3.626,93.75,16,18,0.1647,0.1825,6,18,0,0,0,36,False,14,1,4094.58,8797.46
1777957969.3676486,2.806,100.0,6,14,0.0545,0.1821,2,0,14,8,8,854,False,12,0,2576.72,4655.61
1777957999.3884213,4.461,80.0,40,24,0.2067,0.1734,0,24,0,0,0,48,False,35,7,5537.61,10348.19
1777958029.4009628,3.002,93.33,15,24,0.0616,0.1624,0,22,2,0,0,46,False,13,1,3545.09,8401.01
1777958059.4149165,3.872,75.0,4,13,0.0219,0.1836,11,12,1,0,0,25,False,4,1,5556.61,7600.27
1777958089.427693,3.947,95.0,20,13,0.1893,0.2111,11,6,7,0,0,19,False,23,1,3834.65,10684.74
1777958119.4423063,4.307,96.43,28,24,0.2289,0.1933,0,10,14,0,0,34,False,42,4,5046.29,10120.3
1777958149.4555387,3.754,67.74,31,24,0.2235,0.1764,0,24,0,0,0,48,False,32,11,6391.7,10766.98
1777958179.4701874,2.714,95.0,20,24,0.0826,0.176,0,24,0,0,0,48,False,18,2,3583.65,10006.26
1777958209.4840016,2.684,90.48,21,24,0.1382,0.177,0,24,0,0,0,48,False,18,2,3511.53,10097.49
1777958239.4971032,3.234,95.74,47,23,0.1261,0.21,1,17,6,0,0,40,False,51,6,3967.43,10688.46
1777958269.5117993,3.64,90.91,11,23,0.1373,0.1883,1,23,0,0,0,46,False,11,1,4053.03,5952.74
1777958299.5268452,2.123,100.0,15,22,0.0669,0.1892,2,22,0,0,0,44,False,17,0,2227.29,3389.94
1777958329.5438397,2.683,100.0,21,15,0.1139,0.1835,9,15,0,0,0,30,False,18,0,2686.63,4386.02
1777958359.5592241,4.551,100.0,2,12,0.0028,0.1834,0,0,12,12,11,1172,False,7,0,3419.48,4270.21
1777958389.574921,4.266,50.79,63,24,0.3246,0.2006,0,23,1,0,0,47,False,56,27,5251.22,10392.84
1777958419.5878808,3.529,85.71,21,24,0.1448,0.1849,0,24,0,0,0,48,False,19,3,4502.32,10403.02
1777958449.6020074,4.025,100.0,18,24,0.1135,0.1843,0,23,1,0,0,47,False,16,0,3952.25,8691.51
1777958479.6202786,3.052,100.0,9,21,0.0286,0.1796,0,3,18,3,0,39,False,26,1,3226.51,6248.58
1777958509.634238,3.792,100.0,21,24,0.1823,0.162,0,24,0,0,0,48,False,32,0,4208.92,8068.44
1777958539.6506643,3.829,100.0,4,24,0.0671,0.1704,0,23,1,0,0,47,False,4,0,3833.23,3120.71
1777958569.664247,2.615,100.0,20,11,0.085,0.2015,13,11,0,0,0,22,False,18,0,2773.64,3764.93
1777958599.6772006,2.628,100.0,12,11,0.0199,0.1835,13,8,3,0,0,19,False,11,0,2507.33,3810.65
1777958629.6898108,3.401,100.0,3,11,0.1108,0.1835,13,11,0,0,0,22,False,8,0,2877.37,3764.16
1777958659.7056208,3.999,68.18,44,24,0.0503,0.2089,0,17,7,0,0,41,False,37,12,2984.97,7894.15
1777958689.7176926,2.966,100.0,19,24,0.1337,0.1601,0,24,0,0,0,48,False,24,4,4754.6,10099.04
1777958719.7311707,2.146,100.0,10,24,0.0206,0.1672,0,22,2,0,0,46,False,9,0,2150.07,2917.3
1777958749.7439435,1.852,100.0,9,16,0.0665,0.179,8,14,2,0,0,30,False,12,0,2097.98,2890.28
1777958779.7572129,3.328,100.0,10,16,0.1599,0.1875,8,15,1,0,0,31,False,16,0,2728.41,4985.2
1777958809.7709851,4.405,84.0,50,24,0.2445,0.1895,0,23,1,0,0,47,False,43,7,5331.59,10291.62
1777958839.783983,3.704,100.0,19,24,0.1088,0.1671,0,23,1,0,0,47,False,17,0,4610.04,6629.68
1777958869.7974093,3.707,100.0,1,11,0.0027,0.1835,13,10,1,0,0,21,False,2,0,2650.35,1588.65
1777958899.8104153,2.133,100.0,18,10,0.0602,0.1895,14,10,0,0,0,20,False,17,0,2177.7,3463.26
1777958929.8226604,3.606,100.0,21,10,0.1036,0.2092,14,10,0,0,0,20,False,19,0,3703.22,8004.35
1777958959.8365533,4.934,75.47,53,24,0.3317,0.1798,0,23,1,0,0,47,False,45,11,5568.72,10466.95
1777958989.8489766,2.786,100.0,18,24,0.0989,0.1632,0,24,0,0,0,48,False,16,0,2778.38,4743.13
1777959019.86375,4.851,66.67,6,12,0.0259,0.1774,12,11,1,0,0,23,False,6,2,3951.33,7080.68
1777959049.875932,3.728,100.0,13,12,0.1811,0.188,12,12,0,0,0,24,False,15,0,3165.7,7215.43
1777959079.8926418,3.266,100.0,16,12,0.183,0.2079,12,11,1,0,0,23,False,17,0,3087.76,6272.59
1777959109.9053075,3.751,83.33,48,24,0.1473,0.2053,0,24,0,0,0,48,False,43,6,4249.47,10156.71
1777959139.9181697,3.61,100.0,19,24,0.169,0.1741,0,24,0,0,0,48,False,17,0,3484.91,6188.71
1777959169.9317572,3.926,100.0,14,24,0.0201,0.1735,0,18,6,0,0,42,False,12,0,3930.59,8518.67
1777959199.9451444,2.565,94.12,17,15,0.0879,0.1794,9,13,2,0,0,28,False,21,1,3529.6,8081.26
1777959229.9585953,2.342,100.0,12,15,0.1322,0.18,9,4,11,0,0,19,False,14,1,3116.96,5764.91
1777959259.9728453,3.549,96.15,26,15,0.3722,0.1913,9,14,1,0,0,29,False,38,1,3673.23,9425.83
1777959289.9859188,3.856,100.0,13,15,0.1745,0.1845,9,14,1,0,0,29,False,13,0,3616.06,6121.89
1777959320.0007076,1.882,100.0,13,12,0.0259,0.1913,12,11,1,0,0,23,False,12,0,2000.93,3158.88
1777959350.015289,3.448,100.0,7,12,0.1206,0.1876,12,11,1,0,0,23,False,9,0,2963.78,5057.26
1777959380.0287042,3.43,100.0,16,12,0.1142,0.2031,12,12,0,0,0,24,False,16,0,3291.25,5492.82
1777959410.0505323,4.951,95.65,46,24,0.0453,0.1986,0,20,4,0,0,44,False,40,2,4889.08,9915.59
1777959440.067532,2.735,100.0,15,24,0.1269,0.1551,0,21,3,0,0,45,False,17,4,4471.23,10130.01
1777959470.0821838,1.972,100.0,2,12,0.03,0.1834,12,12,0,0,0,24,False,5,0,2022.42,2269.37
1777959500.0985706,2.179,100.0,16,10,0.0375,0.1838,14,8,2,0,0,18,False,15,0,2182.71,3769.22
1777959530.1136143,2.093,100.0,4,10,0.1007,0.1838,14,3,7,0,0,13,False,6,0,2283.01,3242.06
1777959560.1352866,4.616,80.0,10,14,0.2812,0.1741,10,14,0,0,0,28,False,15,2,4855.91,10174.44
1777959590.1527746,3.781,86.27,51,24,0.1457,0.2275,0,23,1,0,0,47,False,44,6,4613.73,10339.13
1777959620.168909,2.444,100.0,18,24,0.0962,0.1674,0,23,1,0,0,47,False,16,0,2423.47,3795.79
1777959650.1835501,3.351,100.0,22,24,0.0442,0.1696,0,24,0,0,0,48,False,20,0,3368.14,7888.56
1777959680.2063737,2.901,100.0,20,22,0.0822,0.1781,2,22,0,0,0,44,False,17,0,2905.81,4185.45
1777959710.2245085,3.543,100.0,2,11,0.0228,0.1828,13,11,0,0,0,22,False,2,0,3547.69,3488.36
1777959740.2368882,4.313,84.62,52,24,0.3561,0.1888,0,23,1,0,0,47,False,47,7,5042.79,10312.18
1777959770.2539885,3.865,92.86,14,24,0.0867,0.1635,0,24,0,0,0,48,False,15,1,4075.57,9297.74
1777959800.2668226,3.772,100.0,20,24,0.0949,0.1764,0,24,0,0,0,48,False,17,0,3777.32,6304.77
1777959830.2793646,2.389,100.0,15,18,0.0029,0.1747,6,16,2,0,0,34,False,13,0,2393.91,4113.14
1777959860.295779,3.466,100.0,43,24,0.0701,0.1801,0,16,8,0,0,40,False,41,0,3568.48,7090.41
1777959890.3127062,2.177,100.0,16,24,0.1457,0.1641,0,21,3,0,0,45,False,22,1,4156.04,8761.56
1777959920.3290362,1.691,100.0,4,23,0.0626,0.1721,1,21,2,0,0,44,False,9,0,2859.1,4963.1
1777959950.3413234,3.386,100.0,14,17,0.0762,0.1877,7,10,7,0,0,27,False,15,2,3234.97,7181.94
1777959980.3562765,4.013,66.67,12,17,0.1947,0.1969,7,13,4,0,0,30,False,16,4,5498.1,10281.13
1777960010.3694966,3.579,95.56,45,17,0.3104,0.2017,7,17,0,0,0,34,False,42,2,3779.64,10070.49
1777960040.383232,3.216,100.0,18,17,0.1571,0.1844,7,16,1,0,0,33,False,17,0,3051.35,5350.89
1777960070.3974946,3.347,100.0,18,16,0.0147,0.1811,8,16,0,0,0,32,False,18,0,3082.73,5690.79
1777960100.4108653,3.425,100.0,14,13,0.0695,0.1882,11,10,3,0,0,23,False,14,0,3607.9,6031.2
1777960130.4228432,3.193,100.0,15,13,0.1213,0.1826,1,0,13,10,0,63,False,17,0,3325.87,5246.14
1777960160.437323,5.066,81.25,32,24,0.334,0.1679,0,19,5,0,0,43,False,41,6,5337.0,10306.44
1777960190.449706,5.187,66.67,3,24,0.0891,0.1701,0,23,1,0,0,47,False,9,1,4812.85,8975.69
1777960220.4637468,3.692,100.0,15,17,0.1337,0.1797,7,17,0,0,0,34,False,18,0,3141.78,7015.98
1777960250.4771469,3.349,100.0,16,17,0.1296,0.1957,7,17,0,0,0,34,False,18,0,2944.57,9494.24
1777960280.4899428,3.91,100.0,54,22,0.1132,0.1988,2,20,2,0,0,42,False,45,0,3916.26,7969.52
1777960310.5055027,2.61,100.0,15,22,0.1007,0.1839,2,22,0,0,0,44,False,15,0,2688.22,4758.19
1777960340.5184023,3.126,90.91,11,20,0.0297,0.179,4,13,7,0,0,33,False,12,1,3228.88,5234.11
1777960370.5368466,3.793,100.0,4,17,0.1285,0.1857,7,13,4,0,0,30,False,10,0,3649.26,6740.88
1777960400.5494428,2.899,75.0,12,17,0.1005,0.1893,7,17,0,0,0,34,False,16,3,4222.54,11378.18
1777960430.5616226,3.298,100.0,33,24,0.0794,0.1821,0,9,15,0,0,33,False,29,0,3365.14,6308.96
1777960460.5764172,3.859,82.61,23,24,0.2425,0.1784,0,24,0,0,0,48,False,32,10,6461.62,10367.41
1777960490.5885127,2.701,100.0,3,24,0.0134,0.1656,0,23,1,0,0,47,False,4,0,2345.16,3107.11
1777960520.6049879,3.504,86.67,15,15,0.0931,0.1865,9,15,0,0,0,30,False,16,2,3619.22,7069.99
1777960550.6173973,3.047,100.0,18,14,0.0766,0.187,10,14,0,0,0,28,False,15,0,3050.35,5046.81
1777960580.6308494,3.839,100.0,28,18,0.1021,0.1989,6,11,7,0,0,29,False,27,1,4015.8,7519.83
1777960610.6439962,3.295,100.0,30,18,0.2998,0.1942,6,17,1,0,0,35,False,34,3,3994.05,10155.7
1777960640.6569765,2.717,100.0,6,18,0.0688,0.1842,6,15,3,0,0,33,False,8,0,2747.2,4286.87
1777960670.6702456,3.105,100.0,8,12,0.1724,0.1962,12,12,0,0,0,24,False,13,0,2804.03,4485.62
1777960700.6839721,3.194,100.0,15,11,0.0392,0.1835,13,9,2,0,0,20,False,14,0,3076.63,5198.21
1777960730.6977205,1.38,100.0,2,9,0.0785,0.1841,15,9,0,0,0,18,False,4,0,2891.83,2297.08
1777960760.7098796,4.98,76.92,52,24,0.3146,0.2487,0,23,1,0,0,47,False,44,10,6165.29,10174.52
1777960790.7225525,2.938,100.0,20,24,0.0903,0.1642,0,23,1,0,0,47,False,18,0,2907.78,4802.45
1777960820.738116,2.967,100.0,20,22,0.0824,0.1817,2,21,1,0,0,43,False,17,0,2970.82,6189.67
1777960850.7503788,3.301,100.0,18,14,0.02,0.1756,10,13,1,0,0,27,False,16,0,3392.36,6097.59
1777960880.7634866,3.886,97.5,40,24,0.1409,0.1925,0,17,7,0,0,41,False,40,4,4511.58,10093.38
1777960910.775217,5.668,50.0,4,24,0.0953,0.163,0,24,0,0,0,48,False,8,4,8315.09,10382.85
1777960940.7901297,3.848,100.0,18,19,0.0931,0.164,5,18,1,0,0,37,False,16,0,3758.97,6735.05
1777960970.8026092,3.1,84.21,19,14,0.0185,0.1895,10,14,0,0,0,28,False,18,3,4200.43,10051.49
1777961000.8166628,3.589,85.71,21,14,0.1159,0.209,10,12,2,0,0,26,False,18,3,4705.58,10136.73
1777961030.8328822,4.14,96.08,51,19,0.1983,0.226,5,18,1,0,0,37,False,45,2,4357.78,10098.72
1777961060.8461406,3.806,95.24,21,19,0.1821,0.1804,5,19,0,0,0,38,False,18,1,4154.24,8717.4
1777961090.8599555,3.335,100.0,18,19,0.1179,0.1931,5,18,1,0,0,37,False,18,0,3050.07,5588.62
1777961120.8736658,2.716,100.0,18,18,0.0116,0.1792,6,18,0,0,0,36,False,16,0,2643.01,4761.51
1777961150.8859608,2.321,100.0,4,15,0.058,0.1815,4,1,14,5,0,41,False,7,0,2441.55,2994.37
1777961180.8986404,3.252,80.43,46,24,0.3251,0.1699,0,24,0,0,0,48,False,55,10,4402.71,10329.94
1777961210.9126134,1.493,100.0,7,24,0.0415,0.1642,0,20,4,0,0,44,False,6,0,1497.02,1598.74
1777961240.9283807,4.396,83.33,12,16,0.1176,0.1901,8,13,3,0,0,29,False,15,2,4595.74,10006.53
1777961270.941447,2.662,100.0,14,16,0.1555,0.1851,8,16,0,0,0,32,False,19,0,2412.88,4022.07
1777961300.9543474,4.383,95.74,47,24,0.1854,0.2218,0,17,7,0,0,41,False,43,2,4497.1,10077.44
1777961330.9689329,2.73,100.0,13,24,0.1245,0.1715,0,24,0,0,0,48,False,17,0,2986.58,5181.93
1777961360.9815588,3.574,100.0,8,17,0.0364,0.1901,7,14,3,0,0,31,False,8,0,3531.23,5084.55
1777961390.9939072,4.351,87.5,8,10,0.1132,0.1832,14,4,6,0,0,14,False,12,2,4401.54,7795.65
1777961421.006828,3.216,60.0,15,14,0.2833,0.179,10,14,0,0,0,28,False,16,5,5553.98,10299.86
1777961451.0193584,3.457,100.0,39,24,0.0555,0.1739,0,17,7,0,0,41,False,37,1,3901.26,8044.17
1777961481.0334935,3.202,88.24,17,24,0.155,0.159,0,23,1,0,0,47,False,22,8,5955.02,10304.53
1777961511.0452483,3.171,66.67,3,20,0.0257,0.1644,4,19,1,0,0,39,False,3,1,5494.48,3480.45
1777961541.0600922,2.204,88.24,17,14,0.0189,0.1847,10,13,1,0,0,27,False,16,2,3216.98,10004.68
1777961571.072642,2.397,100.0,9,12,0.0209,0.1818,12,8,4,0,0,20,False,14,0,3948.95,7678.64
1777961601.0879211,3.425,100.0,25,24,0.2082,0.1817,0,4,20,0,0,28,False,30,0,3720.88,6523.24
1777961631.1003678,2.905,88.0,25,24,0.3282,0.1721,0,21,3,0,0,45,False,40,9,5747.91,10421.86
1777961661.1141021,2.357,92.31,13,24,0.1111,0.1712,0,23,1,0,0,47,False,16,1,2749.37,5069.02
1777961691.1267812,2.369,100.0,18,24,0.0953,0.1883,0,24,0,0,0,48,False,19,0,2168.36,4796.78
1777961721.140945,3.174,95.24,63,24,0.2233,0.2114,0,19,5,0,0,43,False,54,3,3571.48,10156.09
1777961751.155821,2.916,50.0,2,24,0.11,0.1797,0,24,0,0,0,48,False,7,1,4478.66,7372.34
1777961781.1687658,2.445,100.0,20,17,0.0221,0.183,7,17,0,0,0,34,False,17,0,2448.87,3864.14
1777961811.1853414,3.626,100.0,19,12,0.0247,0.1828,12,11,1,0,0,23,False,17,0,3814.73,6766.69
1777961841.1983802,3.142,100.0,3,12,0.0799,0.1829,12,12,0,0,0,24,False,3,0,3146.09,1465.3
1777961871.2107692,3.631,86.0,50,21,0.1932,0.202,3,21,0,0,0,42,False,43,7,4706.16,10261.84
1777961901.2272046,3.591,83.33,18,21,0.21,0.1745,3,18,3,0,0,39,False,21,3,4200.59,10543.65
1777961931.2408566,4.449,100.0,12,21,0.1301,0.1787,3,19,2,0,0,40,False,16,0,3582.13,6484.66
1777961961.25478,2.599,100.0,18,21,0.1031,0.1911,3,20,1,0,0,41,False,17,0,2844.05,6797.01
1777961991.2673898,5.694,69.39,49,24,0.0326,0.2093,0,22,2,0,0,46,False,43,13,6734.64,10288.28
1777962021.2808173,4.271,94.74,19,24,0.2435,0.194,0,23,1,0,0,47,False,17,2,4970.33,10051.98
1777962051.2933443,4.08,100.0,21,22,0.0831,0.1896,2,21,1,0,0,43,False,18,0,4084.07,7425.51
1777962081.3067644,2.806,100.0,14,15,0.0821,0.1816,9,12,3,0,0,27,False,15,0,3085.71,5907.58
1777962111.3189123,5.852,75.0,4,12,0.1484,0.1832,12,12,0,0,0,24,False,5,1,6743.61,7603.19
1777962141.3322885,4.033,100.0,39,24,0.0185,0.2033,0,18,6,0,0,42,False,38,1,4657.24,9786.82
1777962171.3443003,2.983,86.67,15,24,0.1564,0.1571,0,24,0,0,0,48,False,22,8,6655.42,10478.68
1777962201.3609927,2.552,100.0,1,16,0.0676,0.1696,8,15,1,0,0,31,False,2,0,2104.29,1652.25
1777962231.3757944,3.191,100.0,20,14,0.1253,0.1732,10,14,0,0,0,28,False,18,0,3104.95,6372.23
1777962261.38825,2.704,100.0,15,13,0.031,0.1813,11,12,1,0,0,25,False,16,2,3552.93,10067.92
1777962291.4024758,2.604,93.75,16,22,0.1007,0.1814,0,8,14,2,0,40,False,20,1,3352.74,6652.39
1777962321.4171119,3.377,82.05,39,24,0.247,0.1681,0,22,2,0,0,46,False,40,6,4526.89,10395.38
1777962351.430005,2.779,100.0,2,24,0.0672,0.176,0,18,6,0,0,42,False,5,1,4957.4,6963.63
1777962381.442608,3.124,100.0,12,19,0.1234,0.1779,5,11,8,0,0,30,False,17,0,3161.98,5961.46
1777962411.455412,2.757,100.0,10,19,0.1066,0.1781,1,2,17,4,0,41,False,24,0,2479.22,5184.41
1777962441.4737988,4.769,82.35,34,24,0.2967,0.1797,0,21,3,0,0,45,False,41,5,4855.8,10104.23
1777962471.4867046,2.545,100.0,13,24,0.0943,0.1787,0,24,0,0,0,48,False,15,0,2592.23,5593.18
1777962501.5022135,2.933,100.0,21,18,0.0389,0.186,6,18,0,0,0,36,False,18,0,2937.25,4185.21
1777962531.5147562,2.988,90.48,21,16,0.0969,0.2016,8,16,0,0,0,32,False,18,2,3808.02,10279.87
1777962561.5286927,4.149,95.65,46,24,0.0951,0.2124,0,19,5,0,0,43,False,39,2,4459.61,10019.15
1777962591.54479,3.466,95.24,21,24,0.2398,0.1812,0,24,0,0,0,48,False,23,4,4807.61,10381.63
1777962621.5575595,2.185,100.0,9,24,0.0128,0.1748,0,19,5,0,0,43,False,9,0,2187.6,3182.6
1777962651.5722723,3.385,100.0,7,15,0.0718,0.1817,9,10,5,0,0,25,False,15,0,3306.7,6012.14
1777962681.5853138,2.364,100.0,10,15,0.1308,0.1911,9,9,6,0,0,24,False,17,0,2220.53,3871.92
1777962711.5975993,3.973,97.73,44,24,0.3199,0.1893,0,19,5,0,0,43,False,43,1,3817.68,9748.41
1777962741.6140735,2.68,100.0,13,24,0.1003,0.1729,0,23,1,0,0,47,False,14,0,2996.47,5600.66
1777962771.6270015,2.534,100.0,18,23,0.0406,0.1738,1,22,1,0,0,45,False,17,0,2481.98,4701.79
1777962801.639937,2.528,94.12,17,19,0.0375,0.1773,5,19,0,0,0,38,False,17,1,2528.33,5025.64
1777962831.6515014,1.749,100.0,13,19,0.078,0.1775,5,16,3,0,0,35,False,13,0,1704.06,2170.13
1777962861.6640053,3.755,84.62,39,24,0.2693,0.1777,0,20,4,0,0,44,False,41,5,4360.79,10235.24
1777962891.67964,3.424,100.0,7,24,0.0839,0.18,0,24,0,0,0,48,False,10,0,3362.95,4576.37
1777962921.692415,1.83,100.0,15,16,0.0121,0.1855,8,13,3,0,0,29,False,14,0,1809.58,2406.35
1777962951.7081347,4.222,75.0,4,13,0.1015,0.1832,11,12,1,0,0,25,False,6,1,4278.26,7632.19
1777962981.7212973,3.266,87.5,16,13,0.1775,0.2096,11,12,1,0,0,25,False,16,1,3939.13,10005.78
1777963011.7358034,4.626,88.89,54,24,0.2029,0.2224,0,24,0,0,0,48,False,46,5,4743.52,10375.71
1777963041.7495801,3.658,88.24,17,24,0.1183,0.1785,0,23,1,0,0,47,False,15,2,4517.33,10005.85
1777963071.7620125,2.818,100.0,20,22,0.0497,0.1832,2,21,1,0,0,43,False,18,0,2726.7,4588.77
1777963101.7747078,2.889,94.74,19,22,0.016,0.1774,2,22,0,0,0,44,False,17,1,3359.65,9693.61
1777963131.7888274,2.184,100.0,6,16,0.0425,0.1802,8,9,7,0,0,25,False,11,0,2438.66,3327.98
1777963161.8018126,4.227,97.37,38,24,0.3151,0.1816,0,22,2,0,0,46,False,38,1,4218.44,10024.47
1777963191.8166168,2.438,100.0,15,24,0.0661,0.1744,0,24,0,0,0,48,False,16,0,2391.89,4157.15
1777963221.8305779,2.476,94.12,17,19,0.0299,0.1761,5,17,2,0,0,36,False,15,1,2538.61,3799.04
1777963251.843808,3.086,100.0,13,16,0.0597,0.1847,8,12,4,0,0,28,False,13,0,3673.67,8103.32
1777963281.8584151,3.36,100.0,3,15,0.077,0.1814,9,15,0,0,0,30,False,8,0,2975.51,4801.62
1777963311.8709123,3.846,74.51,51,24,0.17,0.2403,0,23,1,0,0,47,False,43,11,4062.28,10385.42
1777963341.885612,2.966,100.0,16,24,0.0869,0.1582,0,24,0,0,0,48,False,16,0,3138.35,5543.33
1777963371.8984504,3.348,100.0,3,14,0.0703,0.1864,10,14,0,0,0,28,False,3,0,3351.62,2595.16
1777963401.9112005,2.672,100.0,19,13,0.0843,0.1991,11,13,0,0,0,26,False,16,0,2675.55,6241.69
1777963431.923269,3.477,100.0,19,13,0.0638,0.1872,11,12,1,0,0,25,False,18,1,3784.04,9029.87
1777963461.9365044,4.204,77.78,54,24,0.3077,0.2095,0,21,3,0,0,45,False,46,10,5496.99,10547.02
1777963491.949926,2.765,87.5,16,24,0.1365,0.1679,0,24,0,0,0,48,False,14,2,3837.03,10145.95
1777963521.9635985,4.471,100.0,14,20,0.0318,0.1732,4,19,1,0,0,39,False,17,0,3852.3,6289.4
1777963551.9764712,3.298,100.0,19,14,0.0797,0.1821,10,14,0,0,0,28,False,19,0,3918.75,9209.57
1777963581.988725,4.189,85.11,47,24,0.1302,0.207,0,21,3,0,0,45,False,42,8,4129.97,10274.08
1777963612.0045092,3.342,100.0,19,24,0.1171,0.1659,0,24,0,0,0,48,False,20,3,4675.72,10318.71
1777963642.0199728,4.141,100.0,14,24,0.0504,0.166,0,21,3,0,0,45,False,16,3,5228.87,10026.64
1777963672.0326262,3.504,100.0,21,24,0.1404,0.1865,0,23,1,0,0,47,False,20,1,3965.86,9864.43
1777963702.047607,4.069,96.23,53,24,0.2717,0.2025,0,24,0,0,0,48,False,47,2,4265.55,10223.92
1777963732.060086,2.747,100.0,16,24,0.0814,0.1804,0,23,1,0,0,47,False,14,0,2751.07,4652.57
1777963762.073188,3.27,100.0,12,12,0.0081,0.1831,12,7,5,0,0,19,False,12,0,3602.55,7913.67
1777963792.0877986,3.65,100.0,10,12,0.1863,0.1832,12,7,5,0,0,19,False,15,0,3631.65,9510.19
1777963822.1011448,4.027,92.68,41,24,0.2454,0.1945,0,12,12,0,0,36,False,43,3,4110.14,9933.4
1777963852.114674,3.404,86.36,22,24,0.2761,0.1654,0,24,0,0,0,48,False,28,6,5693.7,10200.59
1777963882.1271403,2.369,100.0,4,24,0.0226,0.1625,0,23,1,0,0,47,False,4,0,2373.62,2608.23
1777963912.1451356,5.705,82.35,17,16,0.1211,0.185,8,15,1,0,0,31,False,16,3,6129.91,10011.55
1777963942.1584413,3.105,100.0,9,15,0.0618,0.1774,9,13,2,0,0,28,False,10,0,3165.88,5277.07
1777963972.171397,2.892,100.0,7,12,0.0611,0.1834,8,0,12,4,0,32,False,8,0,2715.6,3736.9
1777964002.1876278,4.73,82.69,52,24,0.3118,0.1794,0,18,6,0,0,42,False,53,10,4856.77,10167.94
1777964032.2003891,4.547,100.0,9,24,0.0805,0.1692,0,23,1,0,0,47,False,13,0,3727.7,7386.14
1777964062.2133608,3.1,100.0,15,19,0.0509,0.1751,5,19,0,0,0,38,False,13,0,3103.62,4876.32
1777964092.225856,2.207,100.0,12,15,0.0431,0.1887,9,13,2,0,0,28,False,11,0,2370.68,3967.82
1777964122.2397783,2.184,100.0,8,15,0.0749,0.1804,9,15,0,0,0,30,False,8,0,2703.0,3781.58
1777964152.252347,3.275,93.94,33,24,0.0272,0.1882,0,15,9,0,0,39,False,35,5,4209.1,10217.2
1777964182.2682428,3.103,95.0,20,24,0.2123,0.1627,0,24,0,0,0,48,False,26,5,5121.1,10521.32
1777964212.284213,2.366,100.0,4,24,0.0371,0.1679,0,24,0,0,0,48,False,5,0,2381.68,2697.06
1777964242.297486,4.257,100.0,13,14,0.0591,0.1936,10,14,0,0,0,28,False,14,2,3631.3,7381.83
1777964272.3141353,2.817,100.0,16,13,0.0224,0.1867,11,11,2,0,0,24,False,14,0,2820.61,3999.13
1777964302.3280694,2.501,90.0,10,14,0.0911,0.1832,2,1,13,8,0,55,False,14,2,3805.91,10237.66
1777964332.3411062,5.126,71.43,35,24,0.4102,0.1785,0,24,0,0,0,48,False,37,12,5675.04,10219.1
1777964362.3544872,2.891,100.0,18,24,0.0767,0.1814,0,24,0,0,0,48,False,15,0,2894.96,5855.44
1777964392.3670104,3.589,100.0,3,14,0.0117,0.1851,10,6,8,0,0,20,False,6,0,3761.12,7125.3
1777964422.3858473,3.829,100.0,12,14,0.197,0.1869,10,11,3,0,0,25,False,19,0,3871.57,7712.38
1777964452.3980155,3.706,80.0,10,14,0.163,0.1816,10,14,0,0,0,28,False,12,2,4431.96,10012.84
1777964482.4114447,3.325,68.0,50,24,0.176,0.2235,0,23,1,0,0,47,False,44,15,5684.15,10446.14
1777964512.4255145,3.124,100.0,20,24,0.1606,0.1799,0,13,11,0,0,37,False,21,0,2991.06,5981.36
1777964542.439207,4.281,75.0,12,24,0.1382,0.181,0,24,0,0,0,48,False,15,3,4990.9,10207.16
1777964572.4528158,2.952,100.0,20,24,0.0574,0.184,0,24,0,0,0,48,False,17,0,2957.24,5907.04
1777964602.466491,4.122,100.0,52,19,0.1629,0.2056,5,19,0,0,0,38,False,44,0,4127.83,8689.0
1777964632.481005,2.695,100.0,12,19,0.0513,0.1793,5,16,3,0,0,35,False,13,0,3353.26,4672.47
1777964662.4945328,2.902,100.0,2,11,0.0995,0.1832,13,11,0,0,0,22,False,6,0,3753.81,4437.28
1777964692.50951,3.507,100.0,12,11,0.0405,0.1943,13,8,3,0,0,19,False,13,1,3958.94,9858.1
1777964722.5256624,2.599,85.71,7,11,0.164,0.1831,13,7,4,0,0,18,False,10,1,3797.39,4898.42
1777964752.5376043,3.583,100.0,10,11,0.2952,0.1884,13,9,2,0,0,20,False,12,0,3895.01,7355.76
1777964782.5502677,3.869,94.12,51,24,0.2086,0.2177,0,24,0,0,0,48,False,44,3,4267.56,10291.89
1777964812.5626395,3.99,95.24,21,24,0.1603,0.1751,0,24,0,0,0,48,False,18,1,4409.0,9431.19
1777964842.575081,2.388,100.0,20,24,0.0229,0.1832,0,24,0,0,0,48,False,17,0,2391.91,3306.46
1777964872.5883908,3.054,100.0,20,19,0.0502,0.1869,5,18,1,0,0,37,False,17,0,3058.58,5418.09
1777964902.601172,1.436,100.0,2,10,0.0115,0.1835,14,9,1,0,0,19,False,4,0,1636.53,1683.87
1777964932.6136484,4.601,86.27,51,24,0.4341,0.2566,0,20,4,0,0,44,False,45,6,4366.77,10013.46
1777964962.6264632,5.131,100.0,15,24,0.1258,0.1706,0,23,1,0,0,47,False,14,0,4876.11,7451.1
1777964992.638766,2.797,100.0,16,22,0.0231,0.1639,2,22,0,0,0,44,False,18,2,3868.66,10006.2
1777965022.651209,3.183,100.0,16,12,0.0197,0.1858,12,10,2,0,0,22,False,16,0,3177.66,4441.04
1777965052.6642745,2.822,100.0,20,22,0.1292,0.1811,2,3,19,0,0,25,False,28,0,3603.16,5807.68
1777965082.6792338,4.794,65.79,38,22,0.4117,0.1795,2,20,2,0,0,42,False,37,11,6726.21,10460.47
1777965112.6934266,2.986,100.0,19,22,0.1405,0.183,2,22,0,0,0,44,False,18,0,3022.33,4006.97
1777965142.708132,3.778,90.48,21,22,0.0808,0.182,2,21,1,0,0,43,False,18,2,4477.11,10053.86
1777965172.7217827,4.005,94.74,38,24,0.0212,0.1823,0,18,6,0,0,42,False,38,4,4476.1,10018.82
1777965202.736591,3.254,90.0,20,24,0.1985,0.1786,0,24,0,0,0,48,False,23,5,4880.7,10485.85
1777965232.7486749,2.96,92.31,13,24,0.038,0.1763,0,23,1,0,0,47,False,17,4,5577.08,10175.64
1777965262.7609534,2.558,88.89,18,18,0.0987,0.1876,6,16,2,0,0,34,False,17,2,3001.98,6844.14
1777965292.776397,8.767,100.0,1,10,0.1067,0.1835,14,10,0,0,0,20,False,4,1,8436.21,8770.54
1777965322.7890923,3.951,94.12,51,24,0.3562,0.1864,0,12,12,0,0,36,False,47,3,4209.51,10167.92
1777965352.8024154,4.638,81.82,11,24,0.1437,0.1687,0,24,0,0,0,48,False,17,2,4680.22,10398.04
1777965382.8159328,2.625,100.0,18,24,0.0611,0.1776,1,23,0,0,0,46,False,15,0,2628.78,4704.24
1777965412.8377035,3.205,100.0,8,13,0.0325,0.1801,11,9,4,0,0,22,False,8,0,2978.85,3646.58
1777965442.8517246,2.864,100.0,9,12,0.0998,0.1909,12,9,3,0,0,21,False,10,0,2583.56,4839.93
1777965472.8866007,3.909,92.0,50,24,0.36,0.1869,0,24,0,0,0,48,False,46,4,4463.64,10289.64
1777965502.9006743,2.587,100.0,16,24,0.063,0.1643,0,24,0,0,0,48,False,14,0,2590.02,4667.56
1777965532.9136171,1.858,100.0,16,18,0.0127,0.1778,6,16,2,0,0,34,False,18,0,2327.64,3705.9
1777965562.928686,3.958,100.0,21,18,0.1708,0.185,6,18,0,0,0,36,False,18,0,3964.06,7906.05
1777965592.9413793,2.755,100.0,2,18,0.0082,0.1776,6,16,2,0,0,34,False,3,0,2306.61,1751.56
1777965622.9537477,4.739,84.62,52,24,0.1492,0.2248,0,21,3,0,0,45,False,47,7,5153.69,10269.4
1777965652.965577,4.445,100.0,13,24,0.0963,0.1713,0,23,1,0,0,47,False,13,0,4086.33,6313.41
1777965682.9790206,3.311,100.0,20,24,0.0388,0.173,0,24,0,0,0,48,False,19,0,3129.15,6904.4
1777965712.9920497,2.311,100.0,14,22,0.0426,0.1865,2,20,2,0,0,42,False,14,0,2515.86,4786.66
1777965743.005896,4.31,100.0,4,11,0.0343,0.1905,13,11,0,0,0,22,False,5,0,3749.09,3467.32
1777965773.018066,4.435,74.58,59,24,0.3368,0.2339,0,18,6,0,0,42,False,53,14,6135.87,10344.48
1777965803.0328765,4.852,80.0,5,24,0.1388,0.1625,0,23,1,0,0,47,False,11,1,4356.9,9263.55
1777965833.0453804,2.339,100.0,15,19,0.0856,0.1811,5,18,1,0,0,37,False,14,0,2397.26,4080.56
1777965863.060915,3.361,94.74,19,13,0.0506,0.1927,11,13,0,0,0,26,False,19,1,3449.76,8011.32
1777965893.0728047,4.859,71.15,52,24,0.27,0.2561,0,24,0,0,0,48,False,44,13,5764.23,10384.51
1777965923.0876322,2.408,94.12,17,24,0.0967,0.1702,0,24,0,0,0,48,False,16,1,2989.15,4643.59
1777965953.0997832,1.705,100.0,6,16,0.0372,0.1795,8,13,3,0,0,29,False,8,0,2098.02,2462.52
1777965983.1141396,2.944,100.0,10,16,0.0861,0.1871,8,16,0,0,0,32,False,12,0,2873.91,4014.31
1777966013.126152,2.91,90.48,21,15,0.0762,0.1864,9,15,0,0,0,30,False,18,2,3706.06,10004.59
1777966043.1385734,3.999,100.0,50,24,0.0891,0.1969,0,22,2,0,0,46,False,44,1,4276.19,9717.15
1777966073.1547952,3.13,100.0,19,24,0.1756,0.1773,0,24,0,0,0,48,False,18,0,3002.61,6084.02
1777966103.1670976,2.114,100.0,4,14,0.0094,0.1906,10,12,2,0,0,26,False,6,0,2057.62,2172.16
1777966133.1805496,2.999,100.0,14,12,0.1578,0.1955,12,8,4,0,0,20,False,14,0,2798.74,5259.59
1777966163.195379,3.584,100.0,19,16,0.2264,0.1713,8,13,3,0,0,29,False,18,0,3349.15,5010.02
1777966193.2079918,3.908,77.78,54,24,0.2223,0.1878,0,20,4,0,0,44,False,47,10,3831.01,10532.07
1777966223.2223215,2.693,100.0,13,24,0.0718,0.1658,0,24,0,0,0,48,False,13,0,2570.85,4024.21
1777966253.2366047,2.354,92.86,14,18,0.0168,0.1762,6,18,0,0,0,36,False,17,1,2114.97,3377.66
1777966283.2497325,1.602,100.0,9,13,0.0608,0.1824,11,10,3,0,0,23,False,13,0,2017.5,2801.48
1777966313.263106,1.977,100.0,8,13,0.1023,0.1824,7,2,11,4,0,35,False,13,0,1996.81,2991.27
1777966343.2784774,4.755,89.47,38,24,0.3704,0.1851,0,21,3,0,0,45,False,40,4,4926.97,10228.08
1777966373.2910635,3.001,100.0,14,24,0.1183,0.1713,0,24,0,0,0,48,False,14,0,2831.0,3440.77
1777966403.3047376,1.734,100.0,10,15,0.0421,0.1811,9,8,7,0,0,23,False,11,0,1676.56,2384.44
1777966433.3192909,3.511,100.0,8,15,0.1085,0.1864,9,12,3,0,0,27,False,17,0,2787.75,6035.67
1777966463.3316143,3.415,57.14,7,15,0.1475,0.1916,9,14,1,0,0,29,False,10,3,5619.66,10186.09
1777966493.3441486,3.987,96.0,50,24,0.1145,0.2063,0,24,0,0,0,48,False,44,2,3943.08,9262.3
1777966523.3572478,2.555,94.12,17,24,0.07,0.1825,0,24,0,0,0,48,False,17,2,3418.31,10007.44
1777966553.370997,2.339,100.0,14,18,0.0738,0.1763,6,18,0,0,0,36,False,17,0,2811.38,6269.32
1777966583.3839529,2.628,100.0,10,18,0.0858,0.1766,6,12,6,0,0,30,False,10,0,2910.12,5415.95
1777966613.3981576,3.989,100.0,8,16,0.0781,0.1808,8,9,7,0,0,25,False,10,0,3800.72,5955.75
1777966643.413211,3.824,93.75,48,24,0.2318,0.2021,0,23,1,0,0,47,False,44,3,3898.88,10065.9
1777966673.4286413,3.727,100.0,18,24,0.1032,0.1799,0,24,0,0,0,48,False,17,0,3919.11,7308.68
1777966703.4414356,2.521,100.0,20,21,0.0381,0.1787,3,21,0,0,0,42,False,18,0,2530.93,5161.56
1777966733.4546103,2.787,100.0,19,20,0.0179,0.1791,4,20,0,0,0,40,False,18,0,2838.22,5230.54
1777966763.4680603,3.64,100.0,31,24,0.0046,0.1803,0,18,6,0,0,42,False,38,2,3949.49,10013.77
1777966793.4818745,4.284,77.78,9,24,0.1425,0.1671,0,19,5,0,0,43,False,17,4,5271.29,10162.37
1777966823.498078,5.174,100.0,8,21,0.1135,0.183,3,20,1,0,0,41,False,10,0,4292.78,9612.47
1777966853.5124736,3.77,100.0,15,18,0.1037,0.1957,6,18,0,0,0,36,False,15,1,3467.68,7973.98
1777966883.5266757,2.63,100.0,21,17,0.121,0.1959,7,17,0,0,0,34,False,18,0,2634.11,5443.6
1777966913.5396523,3.72,90.91,55,24,0.2251,0.1882,0,21,3,0,0,45,False,52,4,4190.81,10319.28
1777966943.5539074,3.57,100.0,8,24,0.083,0.1669,0,24,0,0,0,48,False,8,0,3302.73,3981.51
1777966973.5663767,2.132,100.0,8,11,0.0196,0.1836,13,6,5,0,0,17,False,12,1,2819.73,3220.19
1777967003.581414,2.555,75.0,24,11,0.2048,0.21,13,11,0,0,0,22,False,23,5,4681.88,10578.31
1777967033.5936053,2.824,100.0,18,24,0.1702,0.196,0,9,15,0,0,33,False,30,1,4485.64,9556.11
1777967063.6088512,4.234,80.0,30,24,0.3041,0.1632,0,24,0,0,0,48,False,32,5,5838.91,10113.09
1777967093.6227705,3.201,100.0,20,24,0.019,0.1677,0,24,0,0,0,48,False,18,0,3239.47,6219.83
1777967123.6354094,1.908,100.0,7,16,0.0211,0.1809,8,12,4,0,0,28,False,12,0,1699.62,1955.65
1777967153.6485276,2.575,95.24,21,16,0.123,0.1795,8,5,11,0,0,21,False,30,1,2792.04,5522.91
1777967183.664735,3.559,97.06,34,20,0.2664,0.179,4,18,2,0,0,38,False,35,1,3512.83,8432.49
1777967213.677742,3.404,100.0,3,20,0.0675,0.1749,4,19,1,0,0,39,False,4,0,3529.45,3894.08
1777967243.6919405,2.174,100.0,19,18,0.0913,0.1785,6,18,0,0,0,36,False,18,0,2095.43,4482.17
1777967273.7049499,2.653,100.0,19,14,0.0412,0.1897,10,14,0,0,0,28,False,17,0,2692.7,4282.1
1777967303.718266,3.647,100.0,8,14,0.0723,0.1812,5,0,14,5,0,39,False,14,0,2996.01,5911.98
1777967333.7327373,5.027,79.41,34,24,0.3366,0.1765,0,24,0,0,0,48,False,34,6,5681.7,11439.14
1777967363.746572,2.618,100.0,16,24,0.088,0.1745,0,23,1,0,0,47,False,14,0,2621.32,4134.64
1777967393.7597902,3.383,100.0,6,14,0.0073,0.1819,10,5,9,0,0,19,False,9,0,3181.32,4975.78
1777967423.77423,3.529,81.82,11,14,0.1933,0.19,10,12,2,0,0,26,False,16,2,3931.78,10086.27
1777967453.7910843,2.762,100.0,13,14,0.1097,0.1961,10,9,5,0,0,23,False,12,0,2741.16,3604.0
1777967483.8046362,4.438,80.65,62,24,0.2987,0.1952,0,18,6,0,0,42,False,54,10,4879.55,10404.52
1777967513.8174708,2.827,77.78,9,24,0.1237,0.1741,0,24,0,0,0,48,False,10,2,4391.24,10165.82
1777967543.8330908,2.242,100.0,18,18,0.0382,0.1768,6,17,1,0,0,35,False,15,0,2245.52,3203.18
1777967573.8463216,2.867,100.0,10,13,0.0267,0.1834,11,11,2,0,0,24,False,15,0,3305.45,5258.79
1777967603.8593328,8.213,33.33,3,13,0.1286,0.191,11,12,1,0,0,25,False,5,3,8218.48,10151.22
1777967633.8739042,5.201,92.31,52,24,0.2719,0.2357,0,24,0,0,0,48,False,44,4,5673.47,10298.85
1777967663.8865166,3.227,100.0,19,24,0.0663,0.1652,0,23,1,0,0,47,False,16,0,3230.7,6725.78
1777967693.901028,2.286,100.0,20,22,0.0399,0.1711,2,22,0,0,0,44,False,19,0,2401.35,5019.26
1777967723.9151576,2.469,100.0,12,22,0.0433,0.1775,2,20,2,0,0,42,False,14,0,2454.67,4962.1
1777967753.9303749,3.468,100.0,42,24,0.0837,0.1813,0,22,2,0,0,46,False,46,5,4809.2,10185.23
1777967783.9435241,3.235,100.0,19,24,0.1609,0.1899,0,24,0,0,0,48,False,19,1,3958.38,9285.85
1777967813.9570522,2.982,100.0,2,17,0.0072,0.1806,7,15,2,0,0,32,False,3,0,2512.15,1586.94
1777967843.9767418,3.07,100.0,19,12,0.1175,0.1901,12,7,5,0,0,19,False,17,0,2993.65,7190.87
1777967873.991624,4.522,90.0,20,12,0.2354,0.2,12,11,1,0,0,23,False,18,2,4997.95,10004.82
1777967904.0072083,4.194,88.24,51,24,0.1617,0.2151,0,23,1,0,0,47,False,43,5,4661.86,10174.07
1777967934.0192442,3.419,100.0,19,24,0.1536,0.1659,0,24,0,0,0,48,False,18,0,3494.0,8069.2
1777967964.033128,2.819,100.0,21,19,0.0846,0.1996,5,18,1,0,0,37,False,18,0,2823.86,4854.13
1777967994.045182,3.283,100.0,18,16,0.0548,0.1881,8,16,0,0,0,32,False,16,0,3193.73,5385.83
1777968024.0580385,2.745,82.35,17,24,0.016,0.1842,0,9,15,0,0,33,False,25,4,2527.1,5246.43
1777968054.074631,3.931,81.25,32,24,0.2807,0.1767,0,23,1,0,0,47,False,32,5,4901.55,10173.38
1777968084.0873878,2.775,100.0,8,24,0.0839,0.1684,0,24,0,0,0,48,False,7,0,2778.51,3864.09
1777968114.1011283,2.326,100.0,19,15,0.0189,0.1753,9,15,0,0,0,30,False,17,0,2397.4,5272.67
1777968144.113735,1.946,100.0,4,10,0.0436,0.1838,14,7,3,0,0,17,False,9,0,3334.83,5810.8
1777968174.1264327,2.949,100.0,14,10,0.1785,0.192,4,0,10,10,2,260,False,14,0,2906.41,4789.55
1777968204.141506,3.739,70.83,48,20,0.3915,0.1926,4,14,6,0,0,34,False,50,12,4653.37,10603.52
1777968234.1539438,5.3,100.0,7,20,0.1465,0.1768,4,17,3,0,0,37,False,11,0,4630.54,7520.4
1777968264.1667502,3.375,100.0,16,20,0.0959,0.1898,4,14,6,0,0,34,False,15,0,3384.27,7117.28
1777968294.1820235,2.804,88.24,17,20,0.121,0.1833,4,19,1,0,0,39,False,17,2,3596.74,10086.14
1777968324.2143025,2.171,100.0,9,17,0.013,0.1831,3,2,15,4,0,39,False,23,0,2394.22,3965.4
1777968354.228894,4.015,100.0,31,24,0.3086,0.1675,0,22,2,0,0,46,False,36,0,3746.01,7617.32
1777968384.2430851,2.828,100.0,3,24,0.056,0.1675,0,24,0,0,0,48,False,5,0,2438.29,2303.23
1777968414.2554061,3.546,100.0,19,15,0.0683,0.185,9,15,0,0,0,30,False,16,0,3549.98,8670.65
1777968444.2693996,3.204,100.0,7,11,0.0521,0.1825,13,8,3,0,0,19,False,14,0,3132.89,4204.36
1777968474.2818792,5.235,80.0,5,18,0.1373,0.1897,0,0,18,6,6,848,True,13,1,4110.1,5995.82
1777968504.2968314,4.749,84.21,57,24,0.3222,0.1841,0,24,0,0,0,48,False,54,12,5393.37,11194.17
1777968534.3119035,3.707,84.21,19,24,0.0943,0.1739,0,24,0,0,0,48,False,18,3,4659.83,10077.28
1777968564.327675,2.38,100.0,20,23,0.0829,0.1772,1,23,0,0,0,46,False,18,0,2468.99,3966.6
1777968594.3408458,2.444,100.0,7,24,0.0116,0.176,0,12,12,0,0,36,False,25,1,3358.18,5100.71
1777968624.359081,3.934,97.56,41,24,0.2548,0.1687,0,24,0,0,0,48,False,36,1,4093.87,7761.45
1777968654.3722172,3.733,100.0,3,24,0.0252,0.1698,0,22,2,0,0,46,False,5,0,2917.86,4802.92
1777968684.3857543,3.026,100.0,16,14,0.093,0.1814,10,5,9,0,0,19,False,21,0,3205.46,4789.94
1777968714.3986838,3.893,100.0,14,15,0.2043,0.1979,0,0,15,9,2,260,False,26,0,3648.87,7463.2
1777968744.4127972,4.821,89.47,38,24,0.3788,0.1769,0,16,8,0,0,40,False,37,4,5167.96,10282.73
1777968774.4278238,4.279,90.0,10,24,0.1291,0.169,0,22,2,0,0,46,False,11,1,4968.64,9082.41
1777968804.4428635,3.127,88.89,18,23,0.0512,0.1904,1,22,1,0,0,45,False,17,2,3976.71,10003.04
1777968834.4565663,3.019,100.0,19,19,0.0408,0.1842,5,19,0,0,0,38,False,18,0,3291.19,6803.62
1777968864.4725707,3.506,93.62,47,23,0.0655,0.2002,1,23,0,0,0,46,False,44,6,4222.69,10173.58
1777968894.4863038,2.377,100.0,19,23,0.0753,0.1712,1,23,0,0,0,46,False,16,0,2380.93,3973.83
1777968924.5003693,1.631,100.0,2,14,0.0201,0.1822,10,12,2,0,0,26,False,2,0,1636.11,1579.3
1777968954.51287,3.51,100.0,22,14,0.1545,0.2132,10,12,2,0,0,26,False,24,0,3304.22,8146.88
1777968984.5269928,3.021,100.0,14,14,0.1437,0.1934,10,14,0,0,0,28,False,12,0,3024.49,4786.6
1777969014.543636,2.624,100.0,19,24,0.0145,0.1825,0,14,10,0,0,38,False,34,0,3394.89,8085.86
1777969044.5569768,5.913,86.67,15,24,0.2667,0.1724,0,21,3,0,0,45,False,22,2,4955.09,10009.59
1777969074.5714595,4.41,40.0,5,22,0.0781,0.1763,2,22,0,0,0,44,False,5,3,7929.22,10199.14
1777969104.5922186,2.242,100.0,7,12,0.0089,0.183,12,11,1,0,0,23,False,8,0,2045.56,2206.58
1777969134.6090477,2.449,100.0,13,12,0.1334,0.1882,12,12,0,0,0,24,False,11,0,2485.93,4582.7
1777969164.6242967,2.444,100.0,19,12,0.0432,0.191,12,12,0,0,0,24,False,18,0,2343.23,4497.29
1777969194.6391091,3.749,100.0,25,23,0.0727,0.1833,0,0,23,1,0,28,False,21,0,3774.37,5594.55
1777969224.6576385,3.89,95.45,22,24,0.464,0.1918,0,23,1,0,0,47,False,40,13,6987.71,10851.87
1777969254.6755106,2.416,100.0,20,24,0.0327,0.1694,0,24,0,0,0,48,False,18,0,2396.09,3523.41
1777969284.6917312,3.494,88.24,17,15,0.0462,0.1856,9,13,2,0,0,28,False,16,1,4187.78,10005.03
1777969314.7073119,2.785,100.0,13,17,0.1044,0.1844,0,0,17,7,0,52,False,13,0,3281.12,4671.19
1777969344.7242377,3.702,85.71,28,24,0.3019,0.1726,0,23,1,0,0,47,False,42,4,4594.04,10188.09
1777969374.7392175,2.975,100.0,8,24,0.0614,0.17,0,24,0,0,0,48,False,10,0,2730.44,4236.69
